qid,P101,S854
Q87648581,Q63100,"""http://www.odis.be/lnk/PS_102802"""
Q291159,Q63100,"""http://www.odis.be/lnk/PS_79056"""
Q1965216,Q63100,"""http://www.odis.be/lnk/PS_66145"""
Q1952472,Q63100,"""http://www.odis.be/lnk/PS_86089"""
Q87648668,Q63100,"""http://www.odis.be/lnk/PS_102830"""
Q87648692,Q63100,"""http://www.odis.be/lnk/PS_88290"""
Q87648706,Q63100,"""http://www.odis.be/lnk/PS_73755"""
Q87648724,Q63100,"""http://www.odis.be/lnk/PS_97688"""
Q662885,Q63100,"""http://www.odis.be/lnk/PS_99477"""
Q1877439,Q63100,"""http://www.odis.be/lnk/PS_103212"""
Q55862675,Q63100,"""http://www.odis.be/lnk/PS_97826"""
Q3121278,Q63100,"""http://www.odis.be/lnk/PS_113339"""
Q1285546,Q63100,"""http://www.odis.be/lnk/PS_97955"""
Q87652014,Q63100,"""http://www.odis.be/lnk/PS_103117"""
Q2833582,Q63100,"""http://www.odis.be/lnk/PS_103206"""
Q87648804,Q63100,"""http://www.odis.be/lnk/PS_98055"""
Q87648819,Q63100,"""http://www.odis.be/lnk/PS_65722"""
Q87648911,Q63100,"""http://www.odis.be/lnk/PS_77699"""
Q87648917,Q63100,"""http://www.odis.be/lnk/PS_77857"""
Q20882,Q63100,"""http://www.odis.be/lnk/PS_113345"""
Q1284271,Q63100,"""http://www.odis.be/lnk/PS_113438"""
Q78680,Q63100,"""http://www.odis.be/lnk/PS_105635"""
Q76883422,Q63100,"""http://www.odis.be/lnk/PS_98419"""
Q3165657,Q63100,"""http://www.odis.be/lnk/PS_86071"""
Q2686303,Q63100,"""http://www.odis.be/lnk/PS_72240"""
Q2102118,Q63100,"""http://www.odis.be/lnk/PS_98513"""
Q87649057,Q63100,"""http://www.odis.be/lnk/PS_106139"""
Q87649134,Q63100,"""http://www.odis.be/lnk/PS_88305"""
Q16662886,Q63100,"""http://www.odis.be/lnk/PS_98593"""
Q87651787,Q63100,"""http://www.odis.be/lnk/PS_105734"""
Q87649159,Q63100,"""http://www.odis.be/lnk/PS_98607"""
Q87651795,Q63100,"""http://www.odis.be/lnk/PS_88291"""
Q38908178,Q63100,"""http://www.odis.be/lnk/PS_113352"""
Q87649273,Q63100,"""http://www.odis.be/lnk/PS_113347"""
Q83857375,Q63100,"""http://www.odis.be/lnk/PS_88292"""
Q16682591,Q63100,"""http://www.odis.be/lnk/PS_98823"""
Q87649319,Q63100,"""http://www.odis.be/lnk/PS_86086"""
Q87649325,Q63100,"""http://www.odis.be/lnk/PS_88306"""
Q1863470,Q63100,"""http://www.odis.be/lnk/PS_79057"""
Q3386704,Q63100,"""http://www.odis.be/lnk/PS_88389"""
Q87649366,Q63100,"""http://www.odis.be/lnk/PS_104930"""
Q87649401,Q63100,"""http://www.odis.be/lnk/PS_99738"""
Q15713494,Q63100,"""http://www.odis.be/lnk/PS_98962"""
Q362343,Q63100,"""http://www.odis.be/lnk/PS_113344"""
Q2319634,Q63100,"""http://www.odis.be/lnk/PS_64533"""
Q76659839,Q63100,"""http://www.odis.be/lnk/PS_99762"""
Q23696,Q63100,"""http://www.odis.be/lnk/PS_113336"""
Q55231107,Q63100,"""http://www.odis.be/lnk/PS_104676"""
Q87649519,Q63100,"""http://www.odis.be/lnk/PS_88512"""
Q26933793,Q63100,"""http://www.odis.be/lnk/PS_108266"""
Q16642502,Q63100,"""http://www.odis.be/lnk/PS_86174"""
Q87649631,Q63100,"""http://www.odis.be/lnk/PS_105496"""
Q16068878,Q63100,"""http://www.odis.be/lnk/PS_99191"""
Q87649720,Q63100,"""http://www.odis.be/lnk/PS_99229"""
Q2386329,Q63100,"""http://www.odis.be/lnk/PS_112874"""
Q17352305,Q63100,"""http://www.odis.be/lnk/PS_102183"""
Q18015130,Q63100,"""http://www.odis.be/lnk/PS_99244"""
Q14252289,Q63100,"""http://www.odis.be/lnk/PS_65195"""
Q3164477,Q63100,"""http://www.odis.be/lnk/PS_99260"""
Q1297794,Q63100,"""http://www.odis.be/lnk/PS_113342"""
Q87649758,Q63100,"""http://www.odis.be/lnk/PS_99290"""
Q87649760,Q63100,"""http://www.odis.be/lnk/PS_86084"""
Q57986414,Q63100,"""http://www.odis.be/lnk/PS_99304"""
Q87649766,Q63100,"""http://www.odis.be/lnk/PS_103214"""
Q87651829,Q63100,"""http://www.odis.be/lnk/PS_68094"""
Q4462414,Q63100,"""http://www.odis.be/lnk/PS_102812"""
Q1064737,Q63100,"""http://www.odis.be/lnk/PS_7296"""
Q2035838,Q63100,"""http://www.odis.be/lnk/PS_74794"""
Q62117673,Q82604,"""http://www.odis.be/lnk/PS_131892"""
Q62117665,Q82604,"""http://www.odis.be/lnk/PS_131893"""
Q87648567,Q82604,"""http://www.odis.be/lnk/PS_131894"""
Q76659699,Q82604,"""http://www.odis.be/lnk/PS_108826"""
Q3438664,Q82604,"""http://www.odis.be/lnk/PS_99381"""
Q19951785,Q82604,"""http://www.odis.be/lnk/PS_79088"""
Q3069044,Q82604,"""http://www.odis.be/lnk/PS_118597"""
Q87648583,Q82604,"""http://www.odis.be/lnk/PS_122173"""
Q1855119,Q82604,"""http://www.odis.be/lnk/PS_97426"""
Q87648584,Q82604,"""http://www.odis.be/lnk/PS_131897"""
Q87648585,Q82604,"""http://www.odis.be/lnk/PS_131898"""
Q28608050,Q82604,"""http://www.odis.be/lnk/PS_97452"""
Q87648588,Q82604,"""http://www.odis.be/lnk/PS_78973"""
Q87648603,Q82604,"""http://www.odis.be/lnk/PS_120542"""
Q466668,Q82604,"""http://www.odis.be/lnk/PS_110399"""
Q21458203,Q82604,"""http://www.odis.be/lnk/PS_119993"""
Q2949406,Q82604,"""http://www.odis.be/lnk/PS_86178"""
Q87648607,Q82604,"""http://www.odis.be/lnk/PS_124432"""
Q3383161,Q82604,"""http://www.odis.be/lnk/PS_79261"""
Q1952472,Q82604,"""http://www.odis.be/lnk/PS_86089"""
Q87648666,Q82604,"""http://www.odis.be/lnk/PS_99436"""
Q87648675,Q82604,"""http://www.odis.be/lnk/PS_101823"""
Q87648677,Q82604,"""http://www.odis.be/lnk/PS_105954"""
Q3300530,Q82604,"""http://www.odis.be/lnk/PS_85784"""
Q2339568,Q82604,"""http://www.odis.be/lnk/PS_86130"""
Q2830757,Q82604,"""http://www.odis.be/lnk/PS_86067"""
Q2835010,Q82604,"""http://www.odis.be/lnk/PS_86056"""
Q49633253,Q82604,"""http://www.odis.be/lnk/PS_86115"""
Q87648702,Q82604,"""http://www.odis.be/lnk/PS_131312"""
Q87648704,Q82604,"""http://www.odis.be/lnk/PS_110663"""
Q49633344,Q82604,"""http://www.odis.be/lnk/PS_97664"""
Q55312993,Q82604,"""http://www.odis.be/lnk/PS_128620"""
Q2097997,Q82604,"""http://www.odis.be/lnk/PS_100222"""
Q87648721,Q82604,"""http://www.odis.be/lnk/PS_124470"""
Q86051068,Q82604,"""http://www.odis.be/lnk/PS_97712"""
Q87648730,Q82604,"""http://www.odis.be/lnk/PS_104641"""
Q76883451,Q82604,"""http://www.odis.be/lnk/PS_97732"""
Q662885,Q82604,"""http://www.odis.be/lnk/PS_99477"""
Q2824800,Q82604,"""http://www.odis.be/lnk/PS_86141"""
Q87648736,Q82604,"""http://www.odis.be/lnk/PS_104708"""
Q87648747,Q82604,"""http://www.odis.be/lnk/PS_126347"""
Q47514867,Q82604,"""http://www.odis.be/lnk/PS_110721"""
Q13739591,Q82604,"""http://www.odis.be/lnk/PS_85810"""
Q52224411,Q82604,"""http://www.odis.be/lnk/PS_121038"""
Q14101030,Q82604,"""http://www.odis.be/lnk/PS_96754"""
Q87648755,Q82604,"""http://www.odis.be/lnk/PS_87525"""
Q87648757,Q82604,"""http://www.odis.be/lnk/PS_87501"""
Q87648759,Q82604,"""http://www.odis.be/lnk/PS_87503"""
Q87648760,Q82604,"""http://www.odis.be/lnk/PS_87526"""
Q87648768,Q82604,"""http://www.odis.be/lnk/PS_97832"""
Q1267215,Q82604,"""http://www.odis.be/lnk/PS_77740"""
Q2039767,Q82604,"""http://www.odis.be/lnk/PS_96569"""
Q19952292,Q82604,"""http://www.odis.be/lnk/PS_94586"""
Q13739810,Q82604,"""http://www.odis.be/lnk/PS_99520"""
Q43266283,Q82604,"""http://www.odis.be/lnk/PS_105747"""
Q3123226,Q82604,"""http://www.odis.be/lnk/PS_132828"""
Q3105675,Q82604,"""http://www.odis.be/lnk/PS_127378"""
Q52226495,Q82604,"""http://www.odis.be/lnk/PS_128624"""
Q87648801,Q82604,"""http://www.odis.be/lnk/PS_99500"""
Q49633392,Q82604,"""http://www.odis.be/lnk/PS_98023"""
Q49633400,Q82604,"""http://www.odis.be/lnk/PS_98025"""
Q64233041,Q82604,"""http://www.odis.be/lnk/PS_73139"""
Q31145834,Q82604,"""http://www.odis.be/lnk/PS_78995"""
Q3171641,Q82604,"""http://www.odis.be/lnk/PS_98041"""
Q87648815,Q82604,"""http://www.odis.be/lnk/PS_106470"""
Q16066004,Q82604,"""http://www.odis.be/lnk/PS_98081"""
Q2831134,Q82604,"""http://www.odis.be/lnk/PS_79236"""
Q17428170,Q82604,"""http://www.odis.be/lnk/PS_106815"""
Q1821494,Q82604,"""http://www.odis.be/lnk/PS_67089"""
Q87648928,Q82604,"""http://www.odis.be/lnk/PS_113290"""
Q28496463,Q82604,"""http://www.odis.be/lnk/PS_98261"""
Q87648948,Q82604,"""http://www.odis.be/lnk/PS_119551"""
Q49633408,Q82604,"""http://www.odis.be/lnk/PS_98279"""
Q52224526,Q82604,"""http://www.odis.be/lnk/PS_98353"""
Q87652022,Q82604,"""http://www.odis.be/lnk/PS_98359"""
Q1075644,Q82604,"""http://www.odis.be/lnk/PS_78979"""
Q2997457,Q82604,"""http://www.odis.be/lnk/PS_78994"""
Q87649014,Q82604,"""http://www.odis.be/lnk/PS_110546"""
Q13641206,Q82604,"""http://www.odis.be/lnk/PS_66217"""
Q3102887,Q82604,"""http://www.odis.be/lnk/PS_77903"""
Q2030801,Q82604,"""http://www.odis.be/lnk/PS_99621"""
Q1054265,Q82604,"""http://www.odis.be/lnk/PS_3595"""
Q16638703,Q82604,"""http://www.odis.be/lnk/PS_133210"""
Q42853497,Q82604,"""http://www.odis.be/lnk/PS_98511"""
Q50355864,Q82604,"""http://www.odis.be/lnk/PS_127361"""
Q3385569,Q82604,"""http://www.odis.be/lnk/PS_127362"""
Q3057014,Q82604,"""http://www.odis.be/lnk/PS_85901"""
Q2306385,Q82604,"""http://www.odis.be/lnk/PS_113703"""
Q87649113,Q82604,"""http://www.odis.be/lnk/PS_124563"""
Q87649124,Q82604,"""http://www.odis.be/lnk/PS_98559"""
Q87649128,Q82604,"""http://www.odis.be/lnk/PS_113410"""
Q2320325,Q82604,"""http://www.odis.be/lnk/PS_118736"""
Q87649201,Q82604,"""http://www.odis.be/lnk/PS_105739"""
Q49581873,Q82604,"""http://www.odis.be/lnk/PS_64157"""
Q87649233,Q82604,"""http://www.odis.be/lnk/PS_98735"""
Q52224898,Q82604,"""http://www.odis.be/lnk/PS_9983"""
Q3302164,Q82604,"""http://www.odis.be/lnk/PS_127360"""
Q87649243,Q82604,"""http://www.odis.be/lnk/PS_118573"""
Q87649245,Q82604,"""http://www.odis.be/lnk/PS_99674"""
Q2524332,Q82604,"""http://www.odis.be/lnk/PS_101334"""
Q2320099,Q82604,"""http://www.odis.be/lnk/PS_105641"""
Q87649299,Q82604,"""http://www.odis.be/lnk/PS_122105"""
Q87649306,Q82604,"""http://www.odis.be/lnk/PS_73140"""
Q41881928,Q82604,"""http://www.odis.be/lnk/PS_133218"""
Q3159685,Q82604,"""http://www.odis.be/lnk/PS_85952"""
Q2098073,Q82604,"""http://www.odis.be/lnk/PS_105625"""
Q2200928,Q82604,"""http://www.odis.be/lnk/PS_99709"""
Q87649349,Q82604,"""http://www.odis.be/lnk/PS_133159"""
Q1863470,Q82604,"""http://www.odis.be/lnk/PS_79057"""
Q29577072,Q82604,"""http://www.odis.be/lnk/PS_98910"""
Q381924,Q82604,"""http://www.odis.be/lnk/PS_98911"""
Q2236322,Q82604,"""http://www.odis.be/lnk/PS_86148"""
Q87649364,Q82604,"""http://www.odis.be/lnk/PS_9985"""
Q66004931,Q82604,"""http://www.odis.be/lnk/PS_110407"""
Q87649393,Q82604,"""http://www.odis.be/lnk/PS_114129"""
Q87649399,Q82604,"""http://www.odis.be/lnk/PS_121041"""
Q87649403,Q82604,"""http://www.odis.be/lnk/PS_105426"""
Q2295945,Q82604,"""http://www.odis.be/lnk/PS_87547"""
Q49633140,Q82604,"""http://www.odis.be/lnk/PS_98960"""
Q2558249,Q82604,"""http://www.odis.be/lnk/PS_125572"""
Q52224459,Q82604,"""http://www.odis.be/lnk/PS_64831"""
Q52224543,Q82604,"""http://www.odis.be/lnk/PS_86181"""
Q2319634,Q82604,"""http://www.odis.be/lnk/PS_64533"""
Q3271333,Q82604,"""http://www.odis.be/lnk/PS_98995"""
Q52224478,Q82604,"""http://www.odis.be/lnk/PS_99003"""
Q87649439,Q82604,"""http://www.odis.be/lnk/PS_113636"""
Q87649445,Q82604,"""http://www.odis.be/lnk/PS_101821"""
Q87649451,Q82604,"""http://www.odis.be/lnk/PS_101822"""
Q76883361,Q82604,"""http://www.odis.be/lnk/PS_114680"""
Q2532822,Q82604,"""http://www.odis.be/lnk/PS_104647"""
Q12013428,Q82604,"""http://www.odis.be/lnk/PS_64535"""
Q28596137,Q82604,"""http://www.odis.be/lnk/PS_96864"""
Q87649521,Q82604,"""http://www.odis.be/lnk/PS_130474"""
Q87649533,Q82604,"""http://www.odis.be/lnk/PS_122096"""
Q16016311,Q82604,"""http://www.odis.be/lnk/PS_124562"""
Q87649560,Q82604,"""http://www.odis.be/lnk/PS_122679"""
Q5003477,Q82604,"""http://www.odis.be/lnk/PS_99089"""
Q2299826,Q82604,"""http://www.odis.be/lnk/PS_86147"""
Q115711,Q82604,"""http://www.odis.be/lnk/PS_99096"""
Q87649569,Q82604,"""http://www.odis.be/lnk/PS_118796"""
Q16230795,Q82604,"""http://www.odis.be/lnk/PS_86125"""
Q42529295,Q82604,"""http://www.odis.be/lnk/PS_64578"""
Q1409014,Q82604,"""http://www.odis.be/lnk/PS_94583"""
Q2140838,Q82604,"""http://www.odis.be/lnk/PS_99159"""
Q28659145,Q82604,"""http://www.odis.be/lnk/PS_96843"""
Q49633486,Q82604,"""http://www.odis.be/lnk/PS_99174"""
Q2352918,Q82604,"""http://www.odis.be/lnk/PS_99176"""
Q87649629,Q82604,"""http://www.odis.be/lnk/PS_119572"""
Q87651818,Q82604,"""http://www.odis.be/lnk/PS_119582"""
Q87649657,Q82604,"""http://www.odis.be/lnk/PS_96567"""
Q49633199,Q82604,"""http://www.odis.be/lnk/PS_99197"""
Q87649667,Q82604,"""http://www.odis.be/lnk/PS_126712"""
Q87649693,Q82604,"""http://www.odis.be/lnk/PS_136556"""
Q87649716,Q82604,"""http://www.odis.be/lnk/PS_105737"""
Q2554704,Q82604,"""http://www.odis.be/lnk/PS_87549"""
Q87649729,Q82604,"""http://www.odis.be/lnk/PS_130015"""
Q87649737,Q82604,"""http://www.odis.be/lnk/PS_133803"""
Q87649740,Q82604,"""http://www.odis.be/lnk/PS_105891"""
Q87649741,Q82604,"""http://www.odis.be/lnk/PS_105890"""
Q16220796,Q82604,"""http://www.odis.be/lnk/PS_95010"""
Q2792172,Q82604,"""http://www.odis.be/lnk/PS_105031"""
Q52224474,Q82604,"""http://www.odis.be/lnk/PS_99282"""
Q42307385,Q82604,"""http://www.odis.be/lnk/PS_133163"""
Q76883276,Q82604,"""http://www.odis.be/lnk/PS_99346"""
Q87649761,Q82604,"""http://www.odis.be/lnk/PS_110626"""
Q87649762,Q82604,"""http://www.odis.be/lnk/PS_112919"""
Q52224971,Q82604,"""http://www.odis.be/lnk/PS_128644"""
Q2318074,Q82604,"""http://www.odis.be/lnk/PS_119926"""
Q2019596,Q82604,"""http://www.odis.be/lnk/PS_99888"""
Q154083,Q82604,"""http://www.odis.be/lnk/PS_79013"""
Q87651848,Q82604,"""http://www.odis.be/lnk/PS_17206"""
Q2771014,Q82604,"""http://www.odis.be/lnk/PS_60334"""
Q87649895,Q82604,"""http://www.odis.be/lnk/PS_73138"""
Q16439023,Q82604,"""http://www.odis.be/lnk/PS_73137"""
Q87651861,Q82604,"""http://www.odis.be/lnk/PS_127843"""
Q44281657,Q82604,"""http://www.odis.be/lnk/PS_11030"""
Q21970626,Q82604,"""http://www.odis.be/lnk/PS_62333"""
Q47092190,Q82604,"""http://www.odis.be/lnk/PS_60473"""
Q87649927,Q82604,"""http://www.odis.be/lnk/PS_87506"""
Q44156256,Q82604,"""http://www.odis.be/lnk/PS_60484"""
Q87649932,Q82604,"""http://www.odis.be/lnk/PS_60340"""
Q47075132,Q82604,"""http://www.odis.be/lnk/PS_60474"""
Q5241499,Q12271,"""http://www.odis.be/lnk/PS_102166"""
Q11009945,Q12271,"""http://www.odis.be/lnk/PS_73135"""
Q2803415,Q12271,"""http://www.odis.be/lnk/PS_79073"""
Q87648562,Q12271,"""http://www.odis.be/lnk/PS_106471"""
Q87648565,Q12271,"""http://www.odis.be/lnk/PS_2751"""
Q2477283,Q12271,"""http://www.odis.be/lnk/PS_86168"""
Q2051029,Q12271,"""http://www.odis.be/lnk/PS_87279"""
Q16020965,Q12271,"""http://www.odis.be/lnk/PS_97372"""
Q3261031,Q12271,"""http://www.odis.be/lnk/PS_102404"""
Q274317,Q12271,"""http://www.odis.be/lnk/PS_97376"""
Q1947655,Q12271,"""http://www.odis.be/lnk/PS_97374"""
Q5920533,Q12271,"""http://www.odis.be/lnk/PS_85763"""
Q3470940,Q12271,"""http://www.odis.be/lnk/PS_97380"""
Q2018514,Q12271,"""http://www.odis.be/lnk/PS_97382"""
Q78771326,Q12271,"""http://www.odis.be/lnk/PS_102018"""
Q21644737,Q12271,"""http://www.odis.be/lnk/PS_102757"""
Q49633808,Q12271,"""http://www.odis.be/lnk/PS_99380"""
Q76659699,Q12271,"""http://www.odis.be/lnk/PS_108826"""
Q3438664,Q12271,"""http://www.odis.be/lnk/PS_99381"""
Q17428212,Q12271,"""http://www.odis.be/lnk/PS_99382"""
Q17428389,Q12271,"""http://www.odis.be/lnk/PS_97394"""
Q16644510,Q12271,"""http://www.odis.be/lnk/PS_79072"""
Q1813486,Q12271,"""http://www.odis.be/lnk/PS_79091"""
Q2641330,Q12271,"""http://www.odis.be/lnk/PS_86189"""
Q52224555,Q12271,"""http://www.odis.be/lnk/PS_77732"""
Q2074447,Q12271,"""http://www.odis.be/lnk/PS_72579"""
Q87648569,Q12271,"""http://www.odis.be/lnk/PS_88269"""
Q87648571,Q12271,"""http://www.odis.be/lnk/PS_106304"""
Q87648572,Q12271,"""http://www.odis.be/lnk/PS_103693"""
Q87648574,Q12271,"""http://www.odis.be/lnk/PS_106308"""
Q3188415,Q12271,"""http://www.odis.be/lnk/PS_97406"""
Q87648576,Q12271,"""http://www.odis.be/lnk/PS_113235"""
Q87648577,Q12271,"""http://www.odis.be/lnk/PS_97410"""
Q87648579,Q12271,"""http://www.odis.be/lnk/PS_97416"""
Q6281377,Q12271,"""http://www.odis.be/lnk/PS_97414"""
Q3438674,Q12271,"""http://www.odis.be/lnk/PS_97003"""
Q3379147,Q12271,"""http://www.odis.be/lnk/PS_126608"""
Q87648581,Q12271,"""http://www.odis.be/lnk/PS_102802"""
Q1855119,Q12271,"""http://www.odis.be/lnk/PS_97426"""
Q76883208,Q12271,"""http://www.odis.be/lnk/PS_97432"""
Q65619257,Q12271,"""http://www.odis.be/lnk/PS_97434"""
Q2895936,Q12271,"""http://www.odis.be/lnk/PS_97438"""
Q28582328,Q12271,"""http://www.odis.be/lnk/PS_88579"""
Q87648586,Q12271,"""http://www.odis.be/lnk/PS_112534"""
Q87651745,Q12271,"""http://www.odis.be/lnk/PS_97450"""
Q28608050,Q12271,"""http://www.odis.be/lnk/PS_97452"""
Q87648587,Q12271,"""http://www.odis.be/lnk/PS_97458"""
Q87648588,Q12271,"""http://www.odis.be/lnk/PS_78973"""
Q2083665,Q12271,"""http://www.odis.be/lnk/PS_97464"""
Q87648590,Q12271,"""http://www.odis.be/lnk/PS_96942"""
Q2541120,Q12271,"""http://www.odis.be/lnk/PS_72580"""
Q1913841,Q12271,"""http://www.odis.be/lnk/PS_96760"""
Q87648592,Q12271,"""http://www.odis.be/lnk/PS_96756"""
Q2423927,Q12271,"""http://www.odis.be/lnk/PS_96755"""
Q76883162,Q12271,"""http://www.odis.be/lnk/PS_96761"""
Q87648594,Q12271,"""http://www.odis.be/lnk/PS_97474"""
Q87648597,Q12271,"""http://www.odis.be/lnk/PS_65903"""
Q2630238,Q12271,"""http://www.odis.be/lnk/PS_97476"""
Q87648598,Q12271,"""http://www.odis.be/lnk/PS_97478"""
Q76882963,Q12271,"""http://www.odis.be/lnk/PS_97480"""
Q86345620,Q12271,"""http://www.odis.be/lnk/PS_99405"""
Q538999,Q12271,"""http://www.odis.be/lnk/PS_97482"""
Q76827684,Q12271,"""http://www.odis.be/lnk/PS_97484"""
Q2825128,Q12271,"""http://www.odis.be/lnk/PS_86059"""
Q3130695,Q12271,"""http://www.odis.be/lnk/PS_86122"""
Q3271482,Q12271,"""http://www.odis.be/lnk/PS_86060"""
Q87648601,Q12271,"""http://www.odis.be/lnk/PS_86121"""
Q2392852,Q12271,"""http://www.odis.be/lnk/PS_86157"""
Q3141911,Q12271,"""http://www.odis.be/lnk/PS_88447"""
Q87648604,Q12271,"""http://www.odis.be/lnk/PS_97498"""
Q3069057,Q12271,"""http://www.odis.be/lnk/PS_78082"""
Q49633335,Q12271,"""http://www.odis.be/lnk/PS_97504"""
Q2839712,Q12271,"""http://www.odis.be/lnk/PS_97508"""
Q1807109,Q12271,"""http://www.odis.be/lnk/PS_97506"""
Q87648605,Q12271,"""http://www.odis.be/lnk/PS_85769"""
Q26271713,Q12271,"""http://www.odis.be/lnk/PS_97516"""
Q5480284,Q12271,"""http://www.odis.be/lnk/PS_97518"""
Q16039732,Q12271,"""http://www.odis.be/lnk/PS_79235"""
Q53913367,Q12271,"""http://www.odis.be/lnk/PS_87653"""
Q2949406,Q12271,"""http://www.odis.be/lnk/PS_86178"""
Q3122890,Q12271,"""http://www.odis.be/lnk/PS_86068"""
Q87648609,Q12271,"""http://www.odis.be/lnk/PS_88323"""
Q87648611,Q12271,"""http://www.odis.be/lnk/PS_97530"""
Q87648613,Q12271,"""http://www.odis.be/lnk/PS_97310"""
Q87648614,Q12271,"""http://www.odis.be/lnk/PS_99417"""
Q52220148,Q12271,"""http://www.odis.be/lnk/PS_96928"""
Q291159,Q12271,"""http://www.odis.be/lnk/PS_79056"""
Q76659829,Q12271,"""http://www.odis.be/lnk/PS_97546"""
Q2500736,Q12271,"""http://www.odis.be/lnk/PS_87361"""
Q87648615,Q12271,"""http://www.odis.be/lnk/PS_97548"""
Q87648616,Q12271,"""http://www.odis.be/lnk/PS_113197"""
Q87648618,Q12271,"""http://www.odis.be/lnk/PS_105011"""
Q3383161,Q12271,"""http://www.odis.be/lnk/PS_79261"""
Q87648619,Q12271,"""http://www.odis.be/lnk/PS_97311"""
Q1965216,Q12271,"""http://www.odis.be/lnk/PS_66145"""
Q87648656,Q12271,"""http://www.odis.be/lnk/PS_99431"""
Q87648659,Q12271,"""http://www.odis.be/lnk/PS_99430"""
Q1952472,Q12271,"""http://www.odis.be/lnk/PS_86089"""
Q132142,Q12271,"""http://www.odis.be/lnk/PS_97562"""
Q16676871,Q12271,"""http://www.odis.be/lnk/PS_97564"""
Q87648661,Q12271,"""http://www.odis.be/lnk/PS_113239"""
Q87648662,Q12271,"""http://www.odis.be/lnk/PS_97211"""
Q87648663,Q12271,"""http://www.odis.be/lnk/PS_97572"""
Q49633273,Q12271,"""http://www.odis.be/lnk/PS_86155"""
Q1899033,Q12271,"""http://www.odis.be/lnk/PS_79003"""
Q2390196,Q12271,"""http://www.odis.be/lnk/PS_72324"""
Q87648665,Q12271,"""http://www.odis.be/lnk/PS_87362"""
Q87648666,Q12271,"""http://www.odis.be/lnk/PS_99436"""
Q87648667,Q12271,"""http://www.odis.be/lnk/PS_113242"""
Q87648668,Q12271,"""http://www.odis.be/lnk/PS_102830"""
Q87648670,Q12271,"""http://www.odis.be/lnk/PS_103375"""
Q87648674,Q12271,"""http://www.odis.be/lnk/PS_99899"""
Q14100197,Q12271,"""http://www.odis.be/lnk/PS_85775"""
Q3257089,Q12271,"""http://www.odis.be/lnk/PS_85774"""
Q2466218,Q12271,"""http://www.odis.be/lnk/PS_85776"""
Q87648675,Q12271,"""http://www.odis.be/lnk/PS_101823"""
Q87648676,Q12271,"""http://www.odis.be/lnk/PS_105953"""
Q87648677,Q12271,"""http://www.odis.be/lnk/PS_105954"""
Q87648678,Q12271,"""http://www.odis.be/lnk/PS_105955"""
Q87648679,Q12271,"""http://www.odis.be/lnk/PS_113243"""
Q14084069,Q12271,"""http://www.odis.be/lnk/PS_99441"""
Q87648682,Q12271,"""http://www.odis.be/lnk/PS_113244"""
Q16222691,Q12271,"""http://www.odis.be/lnk/PS_97588"""
Q2584930,Q12271,"""http://www.odis.be/lnk/PS_113245"""
Q49633521,Q12271,"""http://www.odis.be/lnk/PS_86167"""
Q87648683,Q12271,"""http://www.odis.be/lnk/PS_113198"""
Q87648685,Q12271,"""http://www.odis.be/lnk/PS_105952"""
Q87648687,Q12271,"""http://www.odis.be/lnk/PS_99443"""
Q30758494,Q12271,"""http://www.odis.be/lnk/PS_97592"""
Q87648688,Q12271,"""http://www.odis.be/lnk/PS_77696"""
Q87648690,Q12271,"""http://www.odis.be/lnk/PS_113246"""
Q22955381,Q12271,"""http://www.odis.be/lnk/PS_88601"""
Q28596097,Q12271,"""http://www.odis.be/lnk/PS_88614"""
Q87648691,Q12271,"""http://www.odis.be/lnk/PS_85782"""
Q2632161,Q12271,"""http://www.odis.be/lnk/PS_85783"""
Q87648692,Q12271,"""http://www.odis.be/lnk/PS_88290"""
Q3300530,Q12271,"""http://www.odis.be/lnk/PS_85784"""
Q38025192,Q12271,"""http://www.odis.be/lnk/PS_87363"""
Q87648694,Q12271,"""http://www.odis.be/lnk/PS_113248"""
Q87648695,Q12271,"""http://www.odis.be/lnk/PS_113247"""
Q87648696,Q12271,"""http://www.odis.be/lnk/PS_96767"""
Q2339568,Q12271,"""http://www.odis.be/lnk/PS_86130"""
Q87648697,Q12271,"""http://www.odis.be/lnk/PS_77697"""
Q87648698,Q12271,"""http://www.odis.be/lnk/PS_97610"""
Q87648699,Q12271,"""http://www.odis.be/lnk/PS_99447"""
Q87648701,Q12271,"""http://www.odis.be/lnk/PS_97616"""
Q2830757,Q12271,"""http://www.odis.be/lnk/PS_86067"""
Q2835010,Q12271,"""http://www.odis.be/lnk/PS_86056"""
Q49633253,Q12271,"""http://www.odis.be/lnk/PS_86115"""
Q19574360,Q12271,"""http://www.odis.be/lnk/PS_101519"""
Q2831032,Q12271,"""http://www.odis.be/lnk/PS_79086"""
Q87648705,Q12271,"""http://www.odis.be/lnk/PS_99941"""
Q327014,Q12271,"""http://www.odis.be/lnk/PS_97630"""
Q21589900,Q12271,"""http://www.odis.be/lnk/PS_97632"""
Q87648706,Q12271,"""http://www.odis.be/lnk/PS_73755"""
Q2610498,Q12271,"""http://www.odis.be/lnk/PS_102767"""
Q87648707,Q12271,"""http://www.odis.be/lnk/PS_97638"""
Q87648708,Q12271,"""http://www.odis.be/lnk/PS_97640"""
Q87648709,Q12271,"""http://www.odis.be/lnk/PS_99456"""
Q87648711,Q12271,"""http://www.odis.be/lnk/PS_97654"""
Q49633281,Q12271,"""http://www.odis.be/lnk/PS_97652"""
Q87648712,Q12271,"""http://www.odis.be/lnk/PS_99458"""
Q87648713,Q12271,"""http://www.odis.be/lnk/PS_99459"""
Q87648714,Q12271,"""http://www.odis.be/lnk/PS_64474"""
Q2546674,Q12271,"""http://www.odis.be/lnk/PS_102768"""
Q481253,Q12271,"""http://www.odis.be/lnk/PS_79041"""
Q87648715,Q12271,"""http://www.odis.be/lnk/PS_99462"""
Q20970644,Q12271,"""http://www.odis.be/lnk/PS_97660"""
Q49633344,Q12271,"""http://www.odis.be/lnk/PS_97664"""
Q3165386,Q12271,"""http://www.odis.be/lnk/PS_97666"""
Q87648716,Q12271,"""http://www.odis.be/lnk/PS_105969"""
Q87648718,Q12271,"""http://www.odis.be/lnk/PS_105970"""
Q87651749,Q12271,"""http://www.odis.be/lnk/PS_105450"""
Q43249269,Q12271,"""http://www.odis.be/lnk/PS_97674"""
Q76659834,Q12271,"""http://www.odis.be/lnk/PS_85788"""
Q87648719,Q12271,"""http://www.odis.be/lnk/PS_99466"""
Q81403943,Q12271,"""http://www.odis.be/lnk/PS_97682"""
Q87648724,Q12271,"""http://www.odis.be/lnk/PS_97688"""
Q87648725,Q12271,"""http://www.odis.be/lnk/PS_113250"""
Q87648726,Q12271,"""http://www.odis.be/lnk/PS_113249"""
Q23930733,Q12271,"""http://www.odis.be/lnk/PS_73933"""
Q87648727,Q12271,"""http://www.odis.be/lnk/PS_85789"""
Q16196751,Q12271,"""http://www.odis.be/lnk/PS_97694"""
Q87651751,Q12271,"""http://www.odis.be/lnk/PS_99472"""
Q86051068,Q12271,"""http://www.odis.be/lnk/PS_97712"""
Q87648728,Q12271,"""http://www.odis.be/lnk/PS_113251"""
Q3588435,Q12271,"""http://www.odis.be/lnk/PS_97720"""
Q2853830,Q12271,"""http://www.odis.be/lnk/PS_97726"""
Q87648729,Q12271,"""http://www.odis.be/lnk/PS_114076"""
Q87648733,Q12271,"""http://www.odis.be/lnk/PS_113252"""
Q76883451,Q12271,"""http://www.odis.be/lnk/PS_97732"""
Q87648734,Q12271,"""http://www.odis.be/lnk/PS_101839"""
Q662885,Q12271,"""http://www.odis.be/lnk/PS_99477"""
Q29375982,Q12271,"""http://www.odis.be/lnk/PS_85794"""
Q87648736,Q12271,"""http://www.odis.be/lnk/PS_104708"""
Q87648738,Q12271,"""http://www.odis.be/lnk/PS_113253"""
Q28584401,Q12271,"""http://www.odis.be/lnk/PS_87364"""
Q87648741,Q12271,"""http://www.odis.be/lnk/PS_106409"""
Q2272535,Q12271,"""http://www.odis.be/lnk/PS_97744"""
Q87648742,Q12271,"""http://www.odis.be/lnk/PS_113201"""
Q87648744,Q12271,"""http://www.odis.be/lnk/PS_105898"""
Q87648746,Q12271,"""http://www.odis.be/lnk/PS_123861"""
Q2934900,Q12271,"""http://www.odis.be/lnk/PS_99326"""
Q87648748,Q12271,"""http://www.odis.be/lnk/PS_85797"""
Q27507900,Q12271,"""http://www.odis.be/lnk/PS_99483"""
Q1877439,Q12271,"""http://www.odis.be/lnk/PS_103212"""
Q49634516,Q12271,"""http://www.odis.be/lnk/PS_77698"""
Q52224480,Q12271,"""http://www.odis.be/lnk/PS_97774"""
Q87648749,Q12271,"""http://www.odis.be/lnk/PS_113254"""
Q55232004,Q12271,"""http://www.odis.be/lnk/PS_108173"""
Q2486978,Q12271,"""http://www.odis.be/lnk/PS_85807"""
Q87648750,Q12271,"""http://www.odis.be/lnk/PS_99488"""
Q87648751,Q12271,"""http://www.odis.be/lnk/PS_99490"""
Q87648752,Q12271,"""http://www.odis.be/lnk/PS_97794"""
Q2024118,Q12271,"""http://www.odis.be/lnk/PS_97796"""
Q13739591,Q12271,"""http://www.odis.be/lnk/PS_85810"""
Q52225056,Q12271,"""http://www.odis.be/lnk/PS_105796"""
Q52224411,Q12271,"""http://www.odis.be/lnk/PS_121038"""
Q14101030,Q12271,"""http://www.odis.be/lnk/PS_96754"""
Q87648754,Q12271,"""http://www.odis.be/lnk/PS_88390"""
Q87648755,Q12271,"""http://www.odis.be/lnk/PS_87525"""
Q87648757,Q12271,"""http://www.odis.be/lnk/PS_87501"""
Q87648759,Q12271,"""http://www.odis.be/lnk/PS_87503"""
Q87648760,Q12271,"""http://www.odis.be/lnk/PS_87526"""
Q87648761,Q12271,"""http://www.odis.be/lnk/PS_77750"""
Q75971881,Q12271,"""http://www.odis.be/lnk/PS_87367"""
Q87648763,Q12271,"""http://www.odis.be/lnk/PS_88533"""
Q87648764,Q12271,"""http://www.odis.be/lnk/PS_113259"""
Q87648765,Q12271,"""http://www.odis.be/lnk/PS_113262"""
Q87648766,Q12271,"""http://www.odis.be/lnk/PS_99495"""
Q55862675,Q12271,"""http://www.odis.be/lnk/PS_97826"""
Q87651753,Q12271,"""http://www.odis.be/lnk/PS_85817"""
Q87648768,Q12271,"""http://www.odis.be/lnk/PS_97832"""
Q1099565,Q12271,"""http://www.odis.be/lnk/PS_118781"""
Q87648769,Q12271,"""http://www.odis.be/lnk/PS_113264"""
Q22666851,Q12271,"""http://www.odis.be/lnk/PS_103124"""
Q1267215,Q12271,"""http://www.odis.be/lnk/PS_77740"""
Q18169536,Q12271,"""http://www.odis.be/lnk/PS_78947"""
Q87651755,Q12271,"""http://www.odis.be/lnk/PS_97867"""
Q2896044,Q12271,"""http://www.odis.be/lnk/PS_85820"""
Q49989130,Q12271,"""http://www.odis.be/lnk/PS_99505"""
Q87648770,Q12271,"""http://www.odis.be/lnk/PS_105439"""
Q87651757,Q12271,"""http://www.odis.be/lnk/PS_105440"""
Q87648771,Q12271,"""http://www.odis.be/lnk/PS_114082"""
Q52220301,Q12271,"""http://www.odis.be/lnk/PS_97312"""
Q2039767,Q12271,"""http://www.odis.be/lnk/PS_96569"""
Q52224463,Q12271,"""http://www.odis.be/lnk/PS_64829"""
Q47986168,Q12271,"""http://www.odis.be/lnk/PS_65141"""
Q76827689,Q12271,"""http://www.odis.be/lnk/PS_86108"""
Q87651759,Q12271,"""http://www.odis.be/lnk/PS_86182"""
Q87651760,Q12271,"""http://www.odis.be/lnk/PS_66215"""
Q52226173,Q12271,"""http://www.odis.be/lnk/PS_65563"""
Q2211017,Q12271,"""http://www.odis.be/lnk/PS_97913"""
Q87648773,Q12271,"""http://www.odis.be/lnk/PS_97919"""
Q81396636,Q12271,"""http://www.odis.be/lnk/PS_97042"""
Q3121278,Q12271,"""http://www.odis.be/lnk/PS_113339"""
Q49633369,Q12271,"""http://www.odis.be/lnk/PS_97923"""
Q76659831,Q12271,"""http://www.odis.be/lnk/PS_85839"""
Q13739810,Q12271,"""http://www.odis.be/lnk/PS_99520"""
Q49580064,Q12271,"""http://www.odis.be/lnk/PS_105489"""
Q13633664,Q12271,"""http://www.odis.be/lnk/PS_67581"""
Q87648776,Q12271,"""http://www.odis.be/lnk/PS_113278"""
Q43266283,Q12271,"""http://www.odis.be/lnk/PS_105747"""
Q21646695,Q12271,"""http://www.odis.be/lnk/PS_102162"""
Q87648777,Q12271,"""http://www.odis.be/lnk/PS_113280"""
Q87648779,Q12271,"""http://www.odis.be/lnk/PS_107913"""
Q87648781,Q12271,"""http://www.odis.be/lnk/PS_97949"""
Q3083092,Q12271,"""http://www.odis.be/lnk/PS_85843"""
Q3265458,Q12271,"""http://www.odis.be/lnk/PS_85845"""
Q1285546,Q12271,"""http://www.odis.be/lnk/PS_97955"""
Q3123226,Q12271,"""http://www.odis.be/lnk/PS_132828"""
Q87648782,Q12271,"""http://www.odis.be/lnk/PS_116690"""
Q87652014,Q12271,"""http://www.odis.be/lnk/PS_103117"""
Q87648783,Q12271,"""http://www.odis.be/lnk/PS_99920"""
Q87648784,Q12271,"""http://www.odis.be/lnk/PS_86180"""
Q87648785,Q12271,"""http://www.odis.be/lnk/PS_85846"""
Q87648787,Q12271,"""http://www.odis.be/lnk/PS_99534"""
Q87648788,Q12271,"""http://www.odis.be/lnk/PS_103125"""
Q87648789,Q12271,"""http://www.odis.be/lnk/PS_103702"""
Q49581031,Q12271,"""http://www.odis.be/lnk/PS_103701"""
Q401557,Q12271,"""http://www.odis.be/lnk/PS_97971"""
Q87652015,Q12271,"""http://www.odis.be/lnk/PS_105984"""
Q42950312,Q12271,"""http://www.odis.be/lnk/PS_96763"""
Q87648791,Q12271,"""http://www.odis.be/lnk/PS_94565"""
Q1959461,Q12271,"""http://www.odis.be/lnk/PS_65572"""
Q87648793,Q12271,"""http://www.odis.be/lnk/PS_106597"""
Q87648794,Q12271,"""http://www.odis.be/lnk/PS_113258"""
Q43249271,Q12271,"""http://www.odis.be/lnk/PS_98011"""
Q87648795,Q12271,"""http://www.odis.be/lnk/PS_113260"""
Q87648797,Q12271,"""http://www.odis.be/lnk/PS_113202"""
Q87648798,Q12271,"""http://www.odis.be/lnk/PS_98017"""
Q87648801,Q12271,"""http://www.odis.be/lnk/PS_99500"""
Q2396076,Q12271,"""http://www.odis.be/lnk/PS_65564"""
Q49633392,Q12271,"""http://www.odis.be/lnk/PS_98023"""
Q49633400,Q12271,"""http://www.odis.be/lnk/PS_98025"""
Q1870042,Q12271,"""http://www.odis.be/lnk/PS_86187"""
Q1893101,Q12271,"""http://www.odis.be/lnk/PS_59791"""
Q49633573,Q12271,"""http://www.odis.be/lnk/PS_98037"""
Q64233041,Q12271,"""http://www.odis.be/lnk/PS_73139"""
Q31145834,Q12271,"""http://www.odis.be/lnk/PS_78995"""
Q3171641,Q12271,"""http://www.odis.be/lnk/PS_98041"""
Q2833582,Q12271,"""http://www.odis.be/lnk/PS_103206"""
Q87648803,Q12271,"""http://www.odis.be/lnk/PS_101375"""
Q3164643,Q12271,"""http://www.odis.be/lnk/PS_87368"""
Q87648804,Q12271,"""http://www.odis.be/lnk/PS_98055"""
Q2499246,Q12271,"""http://www.odis.be/lnk/PS_97069"""
Q87648808,Q12271,"""http://www.odis.be/lnk/PS_113270"""
Q87648810,Q12271,"""http://www.odis.be/lnk/PS_113271"""
Q87648815,Q12271,"""http://www.odis.be/lnk/PS_106470"""
Q87648819,Q12271,"""http://www.odis.be/lnk/PS_65722"""
Q87648822,Q12271,"""http://www.odis.be/lnk/PS_113273"""
Q87648826,Q12271,"""http://www.odis.be/lnk/PS_102023"""
Q61767261,Q12271,"""http://www.odis.be/lnk/PS_88484"""
Q87648830,Q12271,"""http://www.odis.be/lnk/PS_113274"""
Q87648833,Q12271,"""http://www.odis.be/lnk/PS_113276"""
Q16066004,Q12271,"""http://www.odis.be/lnk/PS_98081"""
Q87648838,Q12271,"""http://www.odis.be/lnk/PS_85835"""
Q76883239,Q12271,"""http://www.odis.be/lnk/PS_99322"""
Q87652748,Q12271,"""http://www.odis.be/lnk/PS_85837"""
Q87648842,Q12271,"""http://www.odis.be/lnk/PS_98089"""
Q87648847,Q12271,"""http://www.odis.be/lnk/PS_106015"""
Q21008807,Q12271,"""http://www.odis.be/lnk/PS_98095"""
Q49633102,Q12271,"""http://www.odis.be/lnk/PS_77620"""
Q87648851,Q12271,"""http://www.odis.be/lnk/PS_87648"""
Q87648855,Q12271,"""http://www.odis.be/lnk/PS_113281"""
Q87648864,Q12271,"""http://www.odis.be/lnk/PS_113283"""
Q87648870,Q12271,"""http://www.odis.be/lnk/PS_99559"""
Q87648876,Q12271,"""http://www.odis.be/lnk/PS_102345"""
Q372002,Q12271,"""http://www.odis.be/lnk/PS_66151"""
Q3164022,Q12271,"""http://www.odis.be/lnk/PS_86057"""
Q3059823,Q12271,"""http://www.odis.be/lnk/PS_68035"""
Q20860070,Q12271,"""http://www.odis.be/lnk/PS_96769"""
Q87648879,Q12271,"""http://www.odis.be/lnk/PS_96770"""
Q87648883,Q12271,"""http://www.odis.be/lnk/PS_98127"""
Q87648888,Q12271,"""http://www.odis.be/lnk/PS_85850"""
Q2472963,Q12271,"""http://www.odis.be/lnk/PS_86114"""
Q87648892,Q12271,"""http://www.odis.be/lnk/PS_113285"""
Q87648897,Q12271,"""http://www.odis.be/lnk/PS_87278"""
Q50186454,Q12271,"""http://www.odis.be/lnk/PS_110200"""
Q87648901,Q12271,"""http://www.odis.be/lnk/PS_101835"""
Q87648904,Q12271,"""http://www.odis.be/lnk/PS_113288"""
Q87648907,Q12271,"""http://www.odis.be/lnk/PS_113287"""
Q87648911,Q12271,"""http://www.odis.be/lnk/PS_77699"""
Q87648917,Q12271,"""http://www.odis.be/lnk/PS_77857"""
Q63343712,Q12271,"""http://www.odis.be/lnk/PS_98163"""
Q52216124,Q12271,"""http://www.odis.be/lnk/PS_77700"""
Q2831134,Q12271,"""http://www.odis.be/lnk/PS_79236"""
Q2834500,Q12271,"""http://www.odis.be/lnk/PS_77701"""
Q2187905,Q12271,"""http://www.odis.be/lnk/PS_87558"""
Q3379783,Q12271,"""http://www.odis.be/lnk/PS_77861"""
Q16219028,Q12271,"""http://www.odis.be/lnk/PS_86162"""
Q3041066,Q12271,"""http://www.odis.be/lnk/PS_86176"""
Q87648920,Q12271,"""http://www.odis.be/lnk/PS_113785"""
Q1829006,Q12271,"""http://www.odis.be/lnk/PS_77741"""
Q20882,Q12271,"""http://www.odis.be/lnk/PS_113345"""
Q1821494,Q12271,"""http://www.odis.be/lnk/PS_67089"""
Q44166920,Q12271,"""http://www.odis.be/lnk/PS_85867"""
Q87648923,Q12271,"""http://www.odis.be/lnk/PS_113289"""
Q87648928,Q12271,"""http://www.odis.be/lnk/PS_113290"""
Q2977380,Q12271,"""http://www.odis.be/lnk/PS_98231"""
Q3383279,Q12271,"""http://www.odis.be/lnk/PS_86170"""
Q87652749,Q12271,"""http://www.odis.be/lnk/PS_85868"""
Q87648936,Q12271,"""http://www.odis.be/lnk/PS_85871"""
Q87648939,Q12271,"""http://www.odis.be/lnk/PS_102498"""
Q87648944,Q12271,"""http://www.odis.be/lnk/PS_99586"""
Q2261197,Q12271,"""http://www.odis.be/lnk/PS_77742"""
Q1284271,Q12271,"""http://www.odis.be/lnk/PS_113438"""
Q86806791,Q12271,"""http://www.odis.be/lnk/PS_86142"""
Q28496463,Q12271,"""http://www.odis.be/lnk/PS_98261"""
Q87652738,Q12271,"""http://www.odis.be/lnk/PS_78957"""
Q697514,Q12271,"""http://www.odis.be/lnk/PS_113756"""
Q17428180,Q12271,"""http://www.odis.be/lnk/PS_87560"""
Q76659695,Q12271,"""http://www.odis.be/lnk/PS_98269"""
Q87648954,Q12271,"""http://www.odis.be/lnk/PS_94569"""
Q28000575,Q12271,"""http://www.odis.be/lnk/PS_99904"""
Q49633408,Q12271,"""http://www.odis.be/lnk/PS_98279"""
Q50276393,Q12271,"""http://www.odis.be/lnk/PS_97044"""
Q3090303,Q12271,"""http://www.odis.be/lnk/PS_102408"""
Q2515475,Q12271,"""http://www.odis.be/lnk/PS_87982"""
Q87648956,Q12271,"""http://www.odis.be/lnk/PS_113293"""
Q86519119,Q12271,"""http://www.odis.be/lnk/PS_98293"""
Q3188617,Q12271,"""http://www.odis.be/lnk/PS_77862"""
Q28599515,Q12271,"""http://www.odis.be/lnk/PS_88600"""
Q87651774,Q12271,"""http://www.odis.be/lnk/PS_106056"""
Q87648959,Q12271,"""http://www.odis.be/lnk/PS_106052"""
Q87648961,Q12271,"""http://www.odis.be/lnk/PS_106053"""
Q16645474,Q12271,"""http://www.odis.be/lnk/PS_88318"""
Q17412827,Q12271,"""http://www.odis.be/lnk/PS_68024"""
Q28649244,Q12271,"""http://www.odis.be/lnk/PS_87564"""
Q2151458,Q12271,"""http://www.odis.be/lnk/PS_102954"""
Q87652021,Q12271,"""http://www.odis.be/lnk/PS_96764"""
Q87648963,Q12271,"""http://www.odis.be/lnk/PS_102034"""
Q2701772,Q12271,"""http://www.odis.be/lnk/PS_87565"""
Q52224526,Q12271,"""http://www.odis.be/lnk/PS_98353"""
Q78680,Q12271,"""http://www.odis.be/lnk/PS_105635"""
Q87652022,Q12271,"""http://www.odis.be/lnk/PS_98359"""
Q16669983,Q12271,"""http://www.odis.be/lnk/PS_99604"""
Q87648967,Q12271,"""http://www.odis.be/lnk/PS_85878"""
Q87648969,Q12271,"""http://www.odis.be/lnk/PS_87562"""
Q87648973,Q12271,"""http://www.odis.be/lnk/PS_99606"""
Q87648977,Q12271,"""http://www.odis.be/lnk/PS_102500"""
Q80790002,Q12271,"""http://www.odis.be/lnk/PS_98383"""
Q87648981,Q12271,"""http://www.odis.be/lnk/PS_86133"""
Q87648984,Q12271,"""http://www.odis.be/lnk/PS_86134"""
Q3371423,Q12271,"""http://www.odis.be/lnk/PS_77902"""
Q1075644,Q12271,"""http://www.odis.be/lnk/PS_78979"""
Q2997457,Q12271,"""http://www.odis.be/lnk/PS_78994"""
Q87648988,Q12271,"""http://www.odis.be/lnk/PS_113296"""
Q16214623,Q12271,"""http://www.odis.be/lnk/PS_98389"""
Q16219132,Q12271,"""http://www.odis.be/lnk/PS_98393"""
Q87648992,Q12271,"""http://www.odis.be/lnk/PS_106062"""
Q87648998,Q12271,"""http://www.odis.be/lnk/PS_106064"""
Q87651781,Q12271,"""http://www.odis.be/lnk/PS_106066"""
Q87649001,Q12271,"""http://www.odis.be/lnk/PS_106077"""
Q87649004,Q12271,"""http://www.odis.be/lnk/PS_98405"""
Q49633230,Q12271,"""http://www.odis.be/lnk/PS_86062"""
Q87649009,Q12271,"""http://www.odis.be/lnk/PS_104948"""
Q21288826,Q12271,"""http://www.odis.be/lnk/PS_78982"""
Q13641206,Q12271,"""http://www.odis.be/lnk/PS_66217"""
Q3057001,Q12271,"""http://www.odis.be/lnk/PS_98411"""
Q29577039,Q12271,"""http://www.odis.be/lnk/PS_77702"""
Q76883422,Q12271,"""http://www.odis.be/lnk/PS_98419"""
Q29575833,Q12271,"""http://www.odis.be/lnk/PS_98421"""
Q256230,Q12271,"""http://www.odis.be/lnk/PS_75451"""
Q49633503,Q12271,"""http://www.odis.be/lnk/PS_98431"""
Q1892493,Q12271,"""http://www.odis.be/lnk/PS_99618"""
Q81397181,Q12271,"""http://www.odis.be/lnk/PS_98441"""
Q87649017,Q12271,"""http://www.odis.be/lnk/PS_113298"""
Q87649021,Q12271,"""http://www.odis.be/lnk/PS_98453"""
Q21637820,Q12271,"""http://www.odis.be/lnk/PS_98455"""
Q87649026,Q12271,"""http://www.odis.be/lnk/PS_98457"""
Q3102887,Q12271,"""http://www.odis.be/lnk/PS_77903"""
Q87649030,Q12271,"""http://www.odis.be/lnk/PS_85888"""
Q3165657,Q12271,"""http://www.odis.be/lnk/PS_86071"""
Q37519861,Q12271,"""http://www.odis.be/lnk/PS_98469"""
Q64275650,Q12271,"""http://www.odis.be/lnk/PS_87654"""
Q64274004,Q12271,"""http://www.odis.be/lnk/PS_87655"""
Q2839830,Q12271,"""http://www.odis.be/lnk/PS_58864"""
Q2030801,Q12271,"""http://www.odis.be/lnk/PS_99621"""
Q49744,Q12271,"""http://www.odis.be/lnk/PS_73129"""
Q87649033,Q12271,"""http://www.odis.be/lnk/PS_113300"""
Q1054265,Q12271,"""http://www.odis.be/lnk/PS_3595"""
Q87649039,Q12271,"""http://www.odis.be/lnk/PS_113301"""
Q3300923,Q12271,"""http://www.odis.be/lnk/PS_98483"""
Q60833476,Q12271,"""http://www.odis.be/lnk/PS_100318"""
Q76883095,Q12271,"""http://www.odis.be/lnk/PS_98491"""
Q87649047,Q12271,"""http://www.odis.be/lnk/PS_106086"""
Q2686303,Q12271,"""http://www.odis.be/lnk/PS_72240"""
Q42853497,Q12271,"""http://www.odis.be/lnk/PS_98511"""
Q2102118,Q12271,"""http://www.odis.be/lnk/PS_98513"""
Q87649052,Q12271,"""http://www.odis.be/lnk/PS_85895"""
Q87649057,Q12271,"""http://www.odis.be/lnk/PS_106139"""
Q3557379,Q12271,"""http://www.odis.be/lnk/PS_86166"""
Q3047868,Q12271,"""http://www.odis.be/lnk/PS_86072"""
Q13725211,Q12271,"""http://www.odis.be/lnk/PS_75433"""
Q87649062,Q12271,"""http://www.odis.be/lnk/PS_113209"""
Q2694332,Q12271,"""http://www.odis.be/lnk/PS_78333"""
Q87649066,Q12271,"""http://www.odis.be/lnk/PS_94564"""
Q87649074,Q12271,"""http://www.odis.be/lnk/PS_105445"""
Q3496675,Q12271,"""http://www.odis.be/lnk/PS_86127"""
Q3057014,Q12271,"""http://www.odis.be/lnk/PS_85901"""
Q3371517,Q12271,"""http://www.odis.be/lnk/PS_79001"""
Q87649083,Q12271,"""http://www.odis.be/lnk/PS_99634"""
Q87649088,Q12271,"""http://www.odis.be/lnk/PS_88594"""
Q87649093,Q12271,"""http://www.odis.be/lnk/PS_105047"""
Q87649098,Q12271,"""http://www.odis.be/lnk/PS_106096"""
Q87649102,Q12271,"""http://www.odis.be/lnk/PS_106097"""
Q87649109,Q12271,"""http://www.odis.be/lnk/PS_106088"""
Q87649117,Q12271,"""http://www.odis.be/lnk/PS_99637"""
Q87649124,Q12271,"""http://www.odis.be/lnk/PS_98559"""
Q87649134,Q12271,"""http://www.odis.be/lnk/PS_88305"""
Q787480,Q12271,"""http://www.odis.be/lnk/PS_77864"""
Q87649137,Q12271,"""http://www.odis.be/lnk/PS_88486"""
Q3083379,Q12271,"""http://www.odis.be/lnk/PS_98579"""
Q87649141,Q12271,"""http://www.odis.be/lnk/PS_101837"""
Q3588597,Q12271,"""http://www.odis.be/lnk/PS_98589"""
Q16662886,Q12271,"""http://www.odis.be/lnk/PS_98593"""
Q87651784,Q12271,"""http://www.odis.be/lnk/PS_102181"""
Q87649147,Q12271,"""http://www.odis.be/lnk/PS_104620"""
Q87649150,Q12271,"""http://www.odis.be/lnk/PS_100370"""
Q87649157,Q12271,"""http://www.odis.be/lnk/PS_104622"""
Q87651787,Q12271,"""http://www.odis.be/lnk/PS_105734"""
Q87649159,Q12271,"""http://www.odis.be/lnk/PS_98607"""
Q76659704,Q12271,"""http://www.odis.be/lnk/PS_98611"""
Q2977650,Q12271,"""http://www.odis.be/lnk/PS_86175"""
Q3092490,Q12271,"""http://www.odis.be/lnk/PS_79019"""
Q76883000,Q12271,"""http://www.odis.be/lnk/PS_98625"""
Q87649165,Q12271,"""http://www.odis.be/lnk/PS_113303"""
Q87649169,Q12271,"""http://www.odis.be/lnk/PS_87839"""
Q87649173,Q12271,"""http://www.odis.be/lnk/PS_87838"""
Q87649177,Q12271,"""http://www.odis.be/lnk/PS_85915"""
Q3289117,Q12271,"""http://www.odis.be/lnk/PS_85918"""
Q87649184,Q12271,"""http://www.odis.be/lnk/PS_114083"""
Q87649187,Q12271,"""http://www.odis.be/lnk/PS_114084"""
Q2183211,Q12271,"""http://www.odis.be/lnk/PS_98631"""
Q87649189,Q12271,"""http://www.odis.be/lnk/PS_102279"""
Q87649191,Q12271,"""http://www.odis.be/lnk/PS_113211"""
Q87649193,Q12271,"""http://www.odis.be/lnk/PS_88391"""
Q87649195,Q12271,"""http://www.odis.be/lnk/PS_99653"""
Q87651790,Q12271,"""http://www.odis.be/lnk/PS_85923"""
Q87649197,Q12271,"""http://www.odis.be/lnk/PS_99656"""
Q87649206,Q12271,"""http://www.odis.be/lnk/PS_113305"""
Q87649207,Q12271,"""http://www.odis.be/lnk/PS_98665"""
Q87649209,Q12271,"""http://www.odis.be/lnk/PS_106104"""
Q87651795,Q12271,"""http://www.odis.be/lnk/PS_88291"""
Q49581873,Q12271,"""http://www.odis.be/lnk/PS_64157"""
Q28310276,Q12271,"""http://www.odis.be/lnk/PS_97257"""
Q13739850,Q12271,"""http://www.odis.be/lnk/PS_98681"""
Q38908178,Q12271,"""http://www.odis.be/lnk/PS_113352"""
Q87649212,Q12271,"""http://www.odis.be/lnk/PS_87593"""
Q378157,Q12271,"""http://www.odis.be/lnk/PS_98687"""
Q2980636,Q12271,"""http://www.odis.be/lnk/PS_87592"""
Q87649214,Q12271,"""http://www.odis.be/lnk/PS_105971"""
Q304680,Q12271,"""http://www.odis.be/lnk/PS_99663"""
Q87649216,Q12271,"""http://www.odis.be/lnk/PS_85936"""
Q76883022,Q12271,"""http://www.odis.be/lnk/PS_98703"""
Q2599852,Q12271,"""http://www.odis.be/lnk/PS_77904"""
Q87649218,Q12271,"""http://www.odis.be/lnk/PS_119334"""
Q87649223,Q12271,"""http://www.odis.be/lnk/PS_103108"""
Q87649226,Q12271,"""http://www.odis.be/lnk/PS_99666"""
Q87649227,Q12271,"""http://www.odis.be/lnk/PS_99668"""
Q3371764,Q12271,"""http://www.odis.be/lnk/PS_99669"""
Q3131561,Q12271,"""http://www.odis.be/lnk/PS_78981"""
Q87649230,Q12271,"""http://www.odis.be/lnk/PS_98733"""
Q87649233,Q12271,"""http://www.odis.be/lnk/PS_98735"""
Q52154169,Q12271,"""http://www.odis.be/lnk/PS_99671"""
Q19913431,Q12271,"""http://www.odis.be/lnk/PS_96950"""
Q87649235,Q12271,"""http://www.odis.be/lnk/PS_103703"""
Q3557085,Q12271,"""http://www.odis.be/lnk/PS_86153"""
Q52224898,Q12271,"""http://www.odis.be/lnk/PS_9983"""
Q20746579,Q12271,"""http://www.odis.be/lnk/PS_99672"""
Q87649237,Q12271,"""http://www.odis.be/lnk/PS_96946"""
Q87649241,Q12271,"""http://www.odis.be/lnk/PS_116688"""
Q81391258,Q12271,"""http://www.odis.be/lnk/PS_98747"""
Q49633237,Q12271,"""http://www.odis.be/lnk/PS_86066"""
Q87649245,Q12271,"""http://www.odis.be/lnk/PS_99674"""
Q87649246,Q12271,"""http://www.odis.be/lnk/PS_99676"""
Q49633641,Q12271,"""http://www.odis.be/lnk/PS_98763"""
Q49996294,Q12271,"""http://www.odis.be/lnk/PS_99677"""
Q87651796,Q12271,"""http://www.odis.be/lnk/PS_96771"""
Q76883136,Q12271,"""http://www.odis.be/lnk/PS_98771"""
Q28537387,Q12271,"""http://www.odis.be/lnk/PS_98777"""
Q87651798,Q12271,"""http://www.odis.be/lnk/PS_105966"""
Q87649249,Q12271,"""http://www.odis.be/lnk/PS_105968"""
Q87649253,Q12271,"""http://www.odis.be/lnk/PS_105967"""
Q87649256,Q12271,"""http://www.odis.be/lnk/PS_105965"""
Q1812932,Q12271,"""http://www.odis.be/lnk/PS_72465"""
Q87649259,Q12271,"""http://www.odis.be/lnk/PS_113311"""
Q2524332,Q12271,"""http://www.odis.be/lnk/PS_101334"""
Q87649262,Q12271,"""http://www.odis.be/lnk/PS_85947"""
Q87649264,Q12271,"""http://www.odis.be/lnk/PS_79243"""
Q327170,Q12271,"""http://www.odis.be/lnk/PS_98803"""
Q87649266,Q12271,"""http://www.odis.be/lnk/PS_106704"""
Q87649269,Q12271,"""http://www.odis.be/lnk/PS_102017"""
Q87649271,Q12271,"""http://www.odis.be/lnk/PS_113215"""
Q87649273,Q12271,"""http://www.odis.be/lnk/PS_113347"""
Q3173636,Q12271,"""http://www.odis.be/lnk/PS_96958"""
Q3185384,Q12271,"""http://www.odis.be/lnk/PS_96957"""
Q83857375,Q12271,"""http://www.odis.be/lnk/PS_88292"""
Q2622040,Q12271,"""http://www.odis.be/lnk/PS_98819"""
Q16682591,Q12271,"""http://www.odis.be/lnk/PS_98823"""
Q87649277,Q12271,"""http://www.odis.be/lnk/PS_109965"""
Q87649279,Q12271,"""http://www.odis.be/lnk/PS_113216"""
Q15877166,Q12271,"""http://www.odis.be/lnk/PS_79050"""
Q2751334,Q12271,"""http://www.odis.be/lnk/PS_98833"""
Q49581101,Q12271,"""http://www.odis.be/lnk/PS_99692"""
Q2320099,Q12271,"""http://www.odis.be/lnk/PS_105641"""
Q87649286,Q12271,"""http://www.odis.be/lnk/PS_86163"""
Q87649289,Q12271,"""http://www.odis.be/lnk/PS_73672"""
Q87649290,Q12271,"""http://www.odis.be/lnk/PS_105334"""
Q87649295,Q12271,"""http://www.odis.be/lnk/PS_73670"""
Q87649297,Q12271,"""http://www.odis.be/lnk/PS_62272"""
Q87649301,Q12271,"""http://www.odis.be/lnk/PS_101677"""
Q87649306,Q12271,"""http://www.odis.be/lnk/PS_73140"""
Q3216634,Q12271,"""http://www.odis.be/lnk/PS_113217"""
Q2634816,Q12271,"""http://www.odis.be/lnk/PS_118746"""
Q87649311,Q12271,"""http://www.odis.be/lnk/PS_98854"""
Q87649315,Q12271,"""http://www.odis.be/lnk/PS_99700"""
Q3159685,Q12271,"""http://www.odis.be/lnk/PS_85952"""
Q2848382,Q12271,"""http://www.odis.be/lnk/PS_98862"""
Q87649319,Q12271,"""http://www.odis.be/lnk/PS_86086"""
Q87649325,Q12271,"""http://www.odis.be/lnk/PS_88306"""
Q2098073,Q12271,"""http://www.odis.be/lnk/PS_105625"""
Q87649330,Q12271,"""http://www.odis.be/lnk/PS_85953"""
Q17488132,Q12271,"""http://www.odis.be/lnk/PS_72309"""
Q87649336,Q12271,"""http://www.odis.be/lnk/PS_98869"""
Q26155476,Q12271,"""http://www.odis.be/lnk/PS_87595"""
Q2871352,Q12271,"""http://www.odis.be/lnk/PS_79051"""
Q948058,Q12271,"""http://www.odis.be/lnk/PS_97041"""
Q2200928,Q12271,"""http://www.odis.be/lnk/PS_99709"""
Q3579991,Q12271,"""http://www.odis.be/lnk/PS_86126"""
Q87649341,Q12271,"""http://www.odis.be/lnk/PS_86129"""
Q30112573,Q12271,"""http://www.odis.be/lnk/PS_98884"""
Q21777330,Q12271,"""http://www.odis.be/lnk/PS_98883"""
Q49498473,Q12271,"""http://www.odis.be/lnk/PS_85960"""
Q17429180,Q12271,"""http://www.odis.be/lnk/PS_113114"""
Q87651800,Q12271,"""http://www.odis.be/lnk/PS_77837"""
Q28580297,Q12271,"""http://www.odis.be/lnk/PS_88620"""
Q87649344,Q12271,"""http://www.odis.be/lnk/PS_88319"""
Q49580709,Q12271,"""http://www.odis.be/lnk/PS_98894"""
Q740717,Q12271,"""http://www.odis.be/lnk/PS_86076"""
Q28970335,Q12271,"""http://www.odis.be/lnk/PS_98897"""
Q1930875,Q12271,"""http://www.odis.be/lnk/PS_98899"""
Q1863470,Q12271,"""http://www.odis.be/lnk/PS_79057"""
Q87649352,Q12271,"""http://www.odis.be/lnk/PS_135415"""
Q76883061,Q12271,"""http://www.odis.be/lnk/PS_98903"""
Q76883048,Q12271,"""http://www.odis.be/lnk/PS_98904"""
Q87649354,Q12271,"""http://www.odis.be/lnk/PS_85964"""
Q87649358,Q12271,"""http://www.odis.be/lnk/PS_99719"""
Q29577072,Q12271,"""http://www.odis.be/lnk/PS_98910"""
Q381924,Q12271,"""http://www.odis.be/lnk/PS_98911"""
Q87649362,Q12271,"""http://www.odis.be/lnk/PS_113219"""
Q49633093,Q12271,"""http://www.odis.be/lnk/PS_77622"""
Q3386704,Q12271,"""http://www.odis.be/lnk/PS_88389"""
Q2236322,Q12271,"""http://www.odis.be/lnk/PS_86148"""
Q87649366,Q12271,"""http://www.odis.be/lnk/PS_104930"""
Q19574361,Q12271,"""http://www.odis.be/lnk/PS_73038"""
Q87649368,Q12271,"""http://www.odis.be/lnk/PS_85968"""
Q2440170,Q12271,"""http://www.odis.be/lnk/PS_98921"""
Q87649371,Q12271,"""http://www.odis.be/lnk/PS_67462"""
Q2926933,Q12271,"""http://www.odis.be/lnk/PS_87616"""
Q87649374,Q12271,"""http://www.odis.be/lnk/PS_85970"""
Q87649377,Q12271,"""http://www.odis.be/lnk/PS_113994"""
Q87649380,Q12271,"""http://www.odis.be/lnk/PS_99727"""
Q87649382,Q12271,"""http://www.odis.be/lnk/PS_85973"""
Q24075269,Q12271,"""http://www.odis.be/lnk/PS_98929"""
Q55232081,Q12271,"""http://www.odis.be/lnk/PS_98930"""
Q49633460,Q12271,"""http://www.odis.be/lnk/PS_85974"""
Q87649385,Q12271,"""http://www.odis.be/lnk/PS_113354"""
Q87649389,Q12271,"""http://www.odis.be/lnk/PS_101836"""
Q2669964,Q12271,"""http://www.odis.be/lnk/PS_73131"""
Q87649391,Q12271,"""http://www.odis.be/lnk/PS_106472"""
Q3340752,Q12271,"""http://www.odis.be/lnk/PS_98934"""
Q3174404,Q12271,"""http://www.odis.be/lnk/PS_98936"""
Q76659700,Q12271,"""http://www.odis.be/lnk/PS_113647"""
Q15876900,Q12271,"""http://www.odis.be/lnk/PS_67140"""
Q87649396,Q12271,"""http://www.odis.be/lnk/PS_67144"""
Q87649399,Q12271,"""http://www.odis.be/lnk/PS_121041"""
Q2189747,Q12271,"""http://www.odis.be/lnk/PS_114933"""
Q3121317,Q12271,"""http://www.odis.be/lnk/PS_283"""
Q87649401,Q12271,"""http://www.odis.be/lnk/PS_99738"""
Q49633222,Q12271,"""http://www.odis.be/lnk/PS_86070"""
Q4820898,Q12271,"""http://www.odis.be/lnk/PS_65568"""
Q9200770,Q12271,"""http://www.odis.be/lnk/PS_88498"""
Q601353,Q12271,"""http://www.odis.be/lnk/PS_79005"""
Q2295945,Q12271,"""http://www.odis.be/lnk/PS_87547"""
Q54366245,Q12271,"""http://www.odis.be/lnk/PS_99742"""
Q2856714,Q12271,"""http://www.odis.be/lnk/PS_88523"""
Q2483227,Q12271,"""http://www.odis.be/lnk/PS_86173"""
Q49633140,Q12271,"""http://www.odis.be/lnk/PS_98960"""
Q15713494,Q12271,"""http://www.odis.be/lnk/PS_98962"""
Q87649408,Q12271,"""http://www.odis.be/lnk/PS_99747"""
Q2871397,Q12271,"""http://www.odis.be/lnk/PS_88524"""
Q3436264,Q12271,"""http://www.odis.be/lnk/PS_98966"""
Q87649412,Q12271,"""http://www.odis.be/lnk/PS_86087"""
Q28580523,Q12271,"""http://www.odis.be/lnk/PS_88611"""
Q64667864,Q12271,"""http://www.odis.be/lnk/PS_85984"""
Q76883292,Q12271,"""http://www.odis.be/lnk/PS_115233"""
Q76883305,Q12271,"""http://www.odis.be/lnk/PS_79246"""
Q2859680,Q12271,"""http://www.odis.be/lnk/PS_98977"""
Q52224459,Q12271,"""http://www.odis.be/lnk/PS_64831"""
Q87649414,Q12271,"""http://www.odis.be/lnk/PS_88864"""
Q87649417,Q12271,"""http://www.odis.be/lnk/PS_98983"""
Q86521471,Q12271,"""http://www.odis.be/lnk/PS_88576"""
Q47456970,Q12271,"""http://www.odis.be/lnk/PS_99753"""
Q362343,Q12271,"""http://www.odis.be/lnk/PS_113344"""
Q87649423,Q12271,"""http://www.odis.be/lnk/PS_102167"""
Q87649429,Q12271,"""http://www.odis.be/lnk/PS_98989"""
Q76659697,Q12271,"""http://www.odis.be/lnk/PS_100262"""
Q52224543,Q12271,"""http://www.odis.be/lnk/PS_86181"""
Q87649432,Q12271,"""http://www.odis.be/lnk/PS_85986"""
Q55209675,Q12271,"""http://www.odis.be/lnk/PS_87288"""
Q87649435,Q12271,"""http://www.odis.be/lnk/PS_99759"""
Q2319634,Q12271,"""http://www.odis.be/lnk/PS_64533"""
Q87649437,Q12271,"""http://www.odis.be/lnk/PS_97329"""
Q3271333,Q12271,"""http://www.odis.be/lnk/PS_98995"""
Q18750873,Q12271,"""http://www.odis.be/lnk/PS_96777"""
Q20789798,Q12271,"""http://www.odis.be/lnk/PS_96959"""
Q81192195,Q12271,"""http://www.odis.be/lnk/PS_102175"""
Q76659839,Q12271,"""http://www.odis.be/lnk/PS_99762"""
Q52224478,Q12271,"""http://www.odis.be/lnk/PS_99003"""
Q76883380,Q12271,"""http://www.odis.be/lnk/PS_99004"""
Q2994892,Q12271,"""http://www.odis.be/lnk/PS_100392"""
Q2960769,Q12271,"""http://www.odis.be/lnk/PS_99005"""
Q50411615,Q12271,"""http://www.odis.be/lnk/PS_77869"""
Q87651802,Q12271,"""http://www.odis.be/lnk/PS_105980"""
Q87649445,Q12271,"""http://www.odis.be/lnk/PS_101821"""
Q87649451,Q12271,"""http://www.odis.be/lnk/PS_101822"""
Q87649452,Q12271,"""http://www.odis.be/lnk/PS_99766"""
Q87649457,Q12271,"""http://www.odis.be/lnk/PS_99015"""
Q60437425,Q12271,"""http://www.odis.be/lnk/PS_100272"""
Q87649463,Q12271,"""http://www.odis.be/lnk/PS_114066"""
Q23696,Q12271,"""http://www.odis.be/lnk/PS_113336"""
Q87649465,Q12271,"""http://www.odis.be/lnk/PS_88591"""
Q2180424,Q12271,"""http://www.odis.be/lnk/PS_99020"""
Q20203605,Q12271,"""http://www.odis.be/lnk/PS_96897"""
Q12013428,Q12271,"""http://www.odis.be/lnk/PS_64535"""
Q2959109,Q12271,"""http://www.odis.be/lnk/PS_88511"""
Q2683815,Q12271,"""http://www.odis.be/lnk/PS_99026"""
Q1755224,Q12271,"""http://www.odis.be/lnk/PS_79048"""
Q3069339,Q12271,"""http://www.odis.be/lnk/PS_99028"""
Q1829037,Q12271,"""http://www.odis.be/lnk/PS_76327"""
Q2193836,Q12271,"""http://www.odis.be/lnk/PS_76325"""
Q87649469,Q12271,"""http://www.odis.be/lnk/PS_113317"""
Q335022,Q12271,"""http://www.odis.be/lnk/PS_99780"""
Q45190929,Q12271,"""http://www.odis.be/lnk/PS_64504"""
Q87649474,Q12271,"""http://www.odis.be/lnk/PS_86132"""
Q3083158,Q12271,"""http://www.odis.be/lnk/PS_86000"""
Q87649478,Q12271,"""http://www.odis.be/lnk/PS_99783"""
Q87649481,Q12271,"""http://www.odis.be/lnk/PS_86001"""
Q55232566,Q12271,"""http://www.odis.be/lnk/PS_99784"""
Q87649485,Q12271,"""http://www.odis.be/lnk/PS_86003"""
Q87649487,Q12271,"""http://www.odis.be/lnk/PS_96740"""
Q87649492,Q12271,"""http://www.odis.be/lnk/PS_113318"""
Q87649497,Q12271,"""http://www.odis.be/lnk/PS_102176"""
Q87649499,Q12271,"""http://www.odis.be/lnk/PS_99786"""
Q87652740,Q12271,"""http://www.odis.be/lnk/PS_100085"""
Q87649502,Q12271,"""http://www.odis.be/lnk/PS_99056"""
Q2359127,Q12271,"""http://www.odis.be/lnk/PS_74687"""
Q87649505,Q12271,"""http://www.odis.be/lnk/PS_99059"""
Q87649506,Q12271,"""http://www.odis.be/lnk/PS_102178"""
Q87651804,Q12271,"""http://www.odis.be/lnk/PS_99792"""
Q87649508,Q12271,"""http://www.odis.be/lnk/PS_99067"""
Q87649512,Q12271,"""http://www.odis.be/lnk/PS_99066"""
Q87649513,Q12271,"""http://www.odis.be/lnk/PS_99065"""
Q3161800,Q12271,"""http://www.odis.be/lnk/PS_77754"""
Q28596137,Q12271,"""http://www.odis.be/lnk/PS_96864"""
Q13738503,Q12271,"""http://www.odis.be/lnk/PS_64534"""
Q87649519,Q12271,"""http://www.odis.be/lnk/PS_88512"""
Q3263599,Q12271,"""http://www.odis.be/lnk/PS_99075"""
Q26933793,Q12271,"""http://www.odis.be/lnk/PS_108266"""
Q87649524,Q12271,"""http://www.odis.be/lnk/PS_102179"""
Q930501,Q12271,"""http://www.odis.be/lnk/PS_102038"""
Q87649535,Q12271,"""http://www.odis.be/lnk/PS_103132"""
Q47092284,Q12271,"""http://www.odis.be/lnk/PS_49597"""
Q87649537,Q12271,"""http://www.odis.be/lnk/PS_103135"""
Q87649542,Q12271,"""http://www.odis.be/lnk/PS_103137"""
Q87649545,Q12271,"""http://www.odis.be/lnk/PS_113222"""
Q87649553,Q12271,"""http://www.odis.be/lnk/PS_86008"""
Q87649556,Q12271,"""http://www.odis.be/lnk/PS_113984"""
Q52224514,Q12271,"""http://www.odis.be/lnk/PS_99802"""
Q5003477,Q12271,"""http://www.odis.be/lnk/PS_99089"""
Q2299826,Q12271,"""http://www.odis.be/lnk/PS_86147"""
Q115711,Q12271,"""http://www.odis.be/lnk/PS_99096"""
Q115713,Q12271,"""http://www.odis.be/lnk/PS_99094"""
Q1948182,Q12271,"""http://www.odis.be/lnk/PS_86061"""
Q87649563,Q12271,"""http://www.odis.be/lnk/PS_86065"""
Q87649569,Q12271,"""http://www.odis.be/lnk/PS_118796"""
Q87649572,Q12271,"""http://www.odis.be/lnk/PS_104631"""
Q29336115,Q12271,"""http://www.odis.be/lnk/PS_88593"""
Q87649575,Q12271,"""http://www.odis.be/lnk/PS_113325"""
Q53427737,Q12271,"""http://www.odis.be/lnk/PS_99103"""
Q3289456,Q12271,"""http://www.odis.be/lnk/PS_77860"""
Q87649579,Q12271,"""http://www.odis.be/lnk/PS_64777"""
Q87651806,Q12271,"""http://www.odis.be/lnk/PS_106822"""
Q87649582,Q12271,"""http://www.odis.be/lnk/PS_102428"""
Q87651808,Q12271,"""http://www.odis.be/lnk/PS_99114"""
Q87649585,Q12271,"""http://www.odis.be/lnk/PS_113328"""
Q87649590,Q12271,"""http://www.odis.be/lnk/PS_99117"""
Q87649594,Q12271,"""http://www.odis.be/lnk/PS_86020"""
Q87649600,Q12271,"""http://www.odis.be/lnk/PS_88328"""
Q21712308,Q12271,"""http://www.odis.be/lnk/PS_110593"""
Q76883227,Q12271,"""http://www.odis.be/lnk/PS_99126"""
Q87651811,Q12271,"""http://www.odis.be/lnk/PS_99127"""
Q16642502,Q12271,"""http://www.odis.be/lnk/PS_86174"""
Q49633307,Q12271,"""http://www.odis.be/lnk/PS_97313"""
Q42196879,Q12271,"""http://www.odis.be/lnk/PS_86112"""
Q76827692,Q12271,"""http://www.odis.be/lnk/PS_86075"""
Q28596374,Q12271,"""http://www.odis.be/lnk/PS_96753"""
Q78345258,Q12271,"""http://www.odis.be/lnk/PS_99142"""
Q16230795,Q12271,"""http://www.odis.be/lnk/PS_86125"""
Q3185713,Q12271,"""http://www.odis.be/lnk/PS_99145"""
Q49633538,Q12271,"""http://www.odis.be/lnk/PS_86025"""
Q2960368,Q12271,"""http://www.odis.be/lnk/PS_99146"""
Q79235093,Q12271,"""http://www.odis.be/lnk/PS_105046"""
Q87649605,Q12271,"""http://www.odis.be/lnk/PS_103316"""
Q20871134,Q12271,"""http://www.odis.be/lnk/PS_102028"""
Q52224522,Q12271,"""http://www.odis.be/lnk/PS_99154"""
Q47458494,Q12271,"""http://www.odis.be/lnk/PS_86027"""
Q87649610,Q12271,"""http://www.odis.be/lnk/PS_86029"""
Q2919301,Q12271,"""http://www.odis.be/lnk/PS_72312"""
Q2464916,Q12271,"""http://www.odis.be/lnk/PS_73126"""
Q76883339,Q12271,"""http://www.odis.be/lnk/PS_59362"""
Q52226272,Q12271,"""http://www.odis.be/lnk/PS_67582"""
Q1409014,Q12271,"""http://www.odis.be/lnk/PS_94583"""
Q2140838,Q12271,"""http://www.odis.be/lnk/PS_99159"""
Q26828257,Q12271,"""http://www.odis.be/lnk/PS_99828"""
Q28659145,Q12271,"""http://www.odis.be/lnk/PS_96843"""
Q87649613,Q12271,"""http://www.odis.be/lnk/PS_101899"""
Q65589265,Q12271,"""http://www.odis.be/lnk/PS_99831"""
Q46993408,Q12271,"""http://www.odis.be/lnk/PS_99170"""
Q2332732,Q12271,"""http://www.odis.be/lnk/PS_77753"""
Q87649617,Q12271,"""http://www.odis.be/lnk/PS_99832"""
Q49633486,Q12271,"""http://www.odis.be/lnk/PS_99174"""
Q70192668,Q12271,"""http://www.odis.be/lnk/PS_65827"""
Q87651816,Q12271,"""http://www.odis.be/lnk/PS_113704"""
Q2352918,Q12271,"""http://www.odis.be/lnk/PS_99176"""
Q87649621,Q12271,"""http://www.odis.be/lnk/PS_113224"""
Q87649624,Q12271,"""http://www.odis.be/lnk/PS_113225"""
Q3165368,Q12271,"""http://www.odis.be/lnk/PS_102126"""
Q87649637,Q12271,"""http://www.odis.be/lnk/PS_99839"""
Q87649640,Q12271,"""http://www.odis.be/lnk/PS_106017"""
Q87649645,Q12271,"""http://www.odis.be/lnk/PS_113223"""
Q208833,Q12271,"""http://www.odis.be/lnk/PS_99840"""
Q87649650,Q12271,"""http://www.odis.be/lnk/PS_104632"""
Q50186397,Q12271,"""http://www.odis.be/lnk/PS_110201"""
Q16068878,Q12271,"""http://www.odis.be/lnk/PS_99191"""
Q87649653,Q12271,"""http://www.odis.be/lnk/PS_96870"""
Q87649662,Q12271,"""http://www.odis.be/lnk/PS_113322"""
Q49633199,Q12271,"""http://www.odis.be/lnk/PS_99197"""
Q87649673,Q12271,"""http://www.odis.be/lnk/PS_105281"""
Q87649676,Q12271,"""http://www.odis.be/lnk/PS_99846"""
Q87649678,Q12271,"""http://www.odis.be/lnk/PS_105446"""
Q87651819,Q12271,"""http://www.odis.be/lnk/PS_88320"""
Q87649684,Q12271,"""http://www.odis.be/lnk/PS_99848"""
Q87649688,Q12271,"""http://www.odis.be/lnk/PS_99849"""
Q87649696,Q12271,"""http://www.odis.be/lnk/PS_105012"""
Q87649701,Q12271,"""http://www.odis.be/lnk/PS_99212"""
Q3338306,Q12271,"""http://www.odis.be/lnk/PS_64532"""
Q87649705,Q12271,"""http://www.odis.be/lnk/PS_97220"""
Q87649708,Q12271,"""http://www.odis.be/lnk/PS_97085"""
Q87649710,Q12271,"""http://www.odis.be/lnk/PS_105014"""
Q57725842,Q12271,"""http://www.odis.be/lnk/PS_86035"""
Q2554704,Q12271,"""http://www.odis.be/lnk/PS_87549"""
Q87649720,Q12271,"""http://www.odis.be/lnk/PS_99229"""
Q87649723,Q12271,"""http://www.odis.be/lnk/PS_105015"""
Q87649726,Q12271,"""http://www.odis.be/lnk/PS_113227"""
Q2386329,Q12271,"""http://www.odis.be/lnk/PS_112874"""
Q76883193,Q12271,"""http://www.odis.be/lnk/PS_102180"""
Q49633085,Q12271,"""http://www.odis.be/lnk/PS_77870"""
Q87649734,Q12271,"""http://www.odis.be/lnk/PS_86040"""
Q87652741,Q12271,"""http://www.odis.be/lnk/PS_99240"""
Q175257,Q12271,"""http://www.odis.be/lnk/PS_102041"""
Q87649736,Q12271,"""http://www.odis.be/lnk/PS_114027"""
Q17352305,Q12271,"""http://www.odis.be/lnk/PS_102183"""
Q18015130,Q12271,"""http://www.odis.be/lnk/PS_99244"""
Q87652742,Q12271,"""http://www.odis.be/lnk/PS_96762"""
Q76882978,Q12271,"""http://www.odis.be/lnk/PS_99246"""
Q87649738,Q12271,"""http://www.odis.be/lnk/PS_96866"""
Q2683882,Q12271,"""http://www.odis.be/lnk/PS_99252"""
Q87649739,Q12271,"""http://www.odis.be/lnk/PS_113230"""
Q87649740,Q12271,"""http://www.odis.be/lnk/PS_105891"""
Q87649741,Q12271,"""http://www.odis.be/lnk/PS_105890"""
Q14252289,Q12271,"""http://www.odis.be/lnk/PS_65195"""
Q1800802,Q12271,"""http://www.odis.be/lnk/PS_99869"""
Q3164477,Q12271,"""http://www.odis.be/lnk/PS_99260"""
Q87651825,Q12271,"""http://www.odis.be/lnk/PS_99261"""
Q16220796,Q12271,"""http://www.odis.be/lnk/PS_95010"""
Q87649743,Q12271,"""http://www.odis.be/lnk/PS_86046"""
Q87649744,Q12271,"""http://www.odis.be/lnk/PS_99265"""
Q87649745,Q12271,"""http://www.odis.be/lnk/PS_99267"""
Q3372387,Q12271,"""http://www.odis.be/lnk/PS_99269"""
Q87649747,Q12271,"""http://www.odis.be/lnk/PS_105320"""
Q282846,Q12271,"""http://www.odis.be/lnk/PS_4524"""
Q87649748,Q12271,"""http://www.odis.be/lnk/PS_15386"""
Q87649749,Q12271,"""http://www.odis.be/lnk/PS_99270"""
Q22236441,Q12271,"""http://www.odis.be/lnk/PS_99871"""
Q55681137,Q12271,"""http://www.odis.be/lnk/PS_97062"""
Q87649750,Q12271,"""http://www.odis.be/lnk/PS_105677"""
Q87649751,Q12271,"""http://www.odis.be/lnk/PS_102344"""
Q87649753,Q12271,"""http://www.odis.be/lnk/PS_104883"""
Q1297794,Q12271,"""http://www.odis.be/lnk/PS_113342"""
Q727869,Q12271,"""http://www.odis.be/lnk/PS_102030"""
Q19574368,Q12271,"""http://www.odis.be/lnk/PS_99875"""
Q87649754,Q12271,"""http://www.odis.be/lnk/PS_113333"""
Q87649755,Q12271,"""http://www.odis.be/lnk/PS_99278"""
Q61960412,Q12271,"""http://www.odis.be/lnk/PS_99277"""
Q2840003,Q12271,"""http://www.odis.be/lnk/PS_86165"""
Q52224474,Q12271,"""http://www.odis.be/lnk/PS_99282"""
Q13620014,Q12271,"""http://www.odis.be/lnk/PS_64830"""
Q87649756,Q12271,"""http://www.odis.be/lnk/PS_99286"""
Q3163673,Q12271,"""http://www.odis.be/lnk/PS_99288"""
Q87649758,Q12271,"""http://www.odis.be/lnk/PS_99290"""
Q87649760,Q12271,"""http://www.odis.be/lnk/PS_86084"""
Q76883276,Q12271,"""http://www.odis.be/lnk/PS_99346"""
Q6244015,Q12271,"""http://www.odis.be/lnk/PS_86064"""
Q50183655,Q12271,"""http://www.odis.be/lnk/PS_86119"""
Q76883149,Q12271,"""http://www.odis.be/lnk/PS_99878"""
Q52914473,Q12271,"""http://www.odis.be/lnk/PS_99299"""
Q26156655,Q12271,"""http://www.odis.be/lnk/PS_99301"""
Q57986414,Q12271,"""http://www.odis.be/lnk/PS_99304"""
Q87649764,Q12271,"""http://www.odis.be/lnk/PS_103223"""
Q87649766,Q12271,"""http://www.odis.be/lnk/PS_103214"""
Q1003681,Q12271,"""http://www.odis.be/lnk/PS_79262"""
Q21345763,Q12271,"""http://www.odis.be/lnk/PS_102149"""
Q87651830,Q12271,"""http://www.odis.be/lnk/PS_39766"""
Q87649767,Q12271,"""http://www.odis.be/lnk/PS_97850"""
Q87649768,Q12271,"""http://www.odis.be/lnk/PS_87369"""
Q61816736,Q12271,"""http://www.odis.be/lnk/PS_87370"""
Q21646764,Q12271,"""http://www.odis.be/lnk/PS_102117"""
Q87649769,Q12271,"""http://www.odis.be/lnk/PS_113265"""
Q2019596,Q12271,"""http://www.odis.be/lnk/PS_99888"""
Q4462414,Q12271,"""http://www.odis.be/lnk/PS_102812"""
Q154083,Q12271,"""http://www.odis.be/lnk/PS_79013"""
Q1583336,Q12271,"""http://www.odis.be/lnk/PS_97232"""
Q513704,Q12271,"""http://www.odis.be/lnk/PS_97662"""
Q3171396,Q12271,"""http://www.odis.be/lnk/PS_97680"""
Q87651834,Q12271,"""http://www.odis.be/lnk/PS_97730"""
Q87649770,Q12271,"""http://www.odis.be/lnk/PS_99480"""
Q49633361,Q12271,"""http://www.odis.be/lnk/PS_97842"""
Q87651836,Q12271,"""http://www.odis.be/lnk/PS_97885"""
Q49633549,Q12271,"""http://www.odis.be/lnk/PS_97907"""
Q87649772,Q12271,"""http://www.odis.be/lnk/PS_97911"""
Q87649773,Q12271,"""http://www.odis.be/lnk/PS_97909"""
Q87649774,Q12271,"""http://www.odis.be/lnk/PS_128628"""
Q87649776,Q12271,"""http://www.odis.be/lnk/PS_97947"""
Q87649777,Q12271,"""http://www.odis.be/lnk/PS_97993"""
Q3102568,Q12271,"""http://www.odis.be/lnk/PS_99540"""
Q49633384,Q12271,"""http://www.odis.be/lnk/PS_98019"""
Q2192967,Q12271,"""http://www.odis.be/lnk/PS_98031"""
Q87649778,Q12271,"""http://www.odis.be/lnk/PS_98033"""
Q2827986,Q12271,"""http://www.odis.be/lnk/PS_98051"""
Q3270895,Q12271,"""http://www.odis.be/lnk/PS_98053"""
Q87649779,Q12271,"""http://www.odis.be/lnk/PS_98057"""
Q13212493,Q12271,"""http://www.odis.be/lnk/PS_99550"""
Q49633582,Q12271,"""http://www.odis.be/lnk/PS_98067"""
Q87649780,Q12271,"""http://www.odis.be/lnk/PS_98105"""
Q3300684,Q12271,"""http://www.odis.be/lnk/PS_99558"""
Q87649781,Q12271,"""http://www.odis.be/lnk/PS_98121"""
Q49633591,Q12271,"""http://www.odis.be/lnk/PS_98133"""
Q87649783,Q12271,"""http://www.odis.be/lnk/PS_98185"""
Q3171980,Q12271,"""http://www.odis.be/lnk/PS_98219"""
Q1247148,Q12271,"""http://www.odis.be/lnk/PS_98221"""
Q5898437,Q12271,"""http://www.odis.be/lnk/PS_99582"""
Q44635228,Q12271,"""http://www.odis.be/lnk/PS_98229"""
Q87649784,Q12271,"""http://www.odis.be/lnk/PS_99583"""
Q3348826,Q12271,"""http://www.odis.be/lnk/PS_98235"""
Q3356983,Q12271,"""http://www.odis.be/lnk/PS_98255"""
Q1064558,Q12271,"""http://www.odis.be/lnk/PS_98303"""
Q87649785,Q12271,"""http://www.odis.be/lnk/PS_98323"""
Q47471539,Q12271,"""http://www.odis.be/lnk/PS_98327"""
Q3270936,Q12271,"""http://www.odis.be/lnk/PS_98343"""
Q922607,Q12271,"""http://www.odis.be/lnk/PS_98347"""
Q3271022,Q12271,"""http://www.odis.be/lnk/PS_98361"""
Q49633417,Q12271,"""http://www.odis.be/lnk/PS_98379"""
Q2282383,Q12271,"""http://www.odis.be/lnk/PS_98409"""
Q3104860,Q12271,"""http://www.odis.be/lnk/PS_98423"""
Q87649786,Q12271,"""http://www.odis.be/lnk/PS_98459"""
Q56787262,Q12271,"""http://www.odis.be/lnk/PS_98489"""
Q2134192,Q12271,"""http://www.odis.be/lnk/PS_98539"""
Q87649787,Q12271,"""http://www.odis.be/lnk/PS_98541"""
Q27986391,Q12271,"""http://www.odis.be/lnk/PS_98545"""
Q87649788,Q12271,"""http://www.odis.be/lnk/PS_98563"""
Q2194213,Q12271,"""http://www.odis.be/lnk/PS_98575"""
Q87649789,Q12271,"""http://www.odis.be/lnk/PS_99646"""
Q87652743,Q12271,"""http://www.odis.be/lnk/PS_98621"""
Q49633631,Q12271,"""http://www.odis.be/lnk/PS_98627"""
Q21994969,Q12271,"""http://www.odis.be/lnk/PS_98649"""
Q87649790,Q12271,"""http://www.odis.be/lnk/PS_98667"""
Q87649791,Q12271,"""http://www.odis.be/lnk/PS_98691"""
Q3085257,Q12271,"""http://www.odis.be/lnk/PS_98715"""
Q49633445,Q12271,"""http://www.odis.be/lnk/PS_98753"""
Q2380692,Q12271,"""http://www.odis.be/lnk/PS_98761"""
Q87651839,Q12271,"""http://www.odis.be/lnk/PS_98789"""
Q87649792,Q12271,"""http://www.odis.be/lnk/PS_98815"""
Q49633669,Q12271,"""http://www.odis.be/lnk/PS_98831"""
Q2865264,Q12271,"""http://www.odis.be/lnk/PS_98837"""
Q49633679,Q12271,"""http://www.odis.be/lnk/PS_98856"""
Q30842449,Q12271,"""http://www.odis.be/lnk/PS_98857"""
Q3131744,Q12271,"""http://www.odis.be/lnk/PS_98866"""
Q50245417,Q12271,"""http://www.odis.be/lnk/PS_98868"""
Q49633687,Q12271,"""http://www.odis.be/lnk/PS_98871"""
Q87649794,Q12271,"""http://www.odis.be/lnk/PS_98890"""
Q3431139,Q12271,"""http://www.odis.be/lnk/PS_98909"""
Q87649795,Q12271,"""http://www.odis.be/lnk/PS_98920"""
Q76883011,Q12271,"""http://www.odis.be/lnk/PS_98923"""
Q87649796,Q12271,"""http://www.odis.be/lnk/PS_98944"""
Q87649797,Q12271,"""http://www.odis.be/lnk/PS_98948"""
Q87649798,Q12271,"""http://www.odis.be/lnk/PS_98949"""
Q24292068,Q12271,"""http://www.odis.be/lnk/PS_98951"""
Q2824906,Q12271,"""http://www.odis.be/lnk/PS_98952"""
Q49633710,Q12271,"""http://www.odis.be/lnk/PS_98965"""
Q76883112,Q12271,"""http://www.odis.be/lnk/PS_98968"""
Q3047989,Q12271,"""http://www.odis.be/lnk/PS_98982"""
Q87649800,Q12271,"""http://www.odis.be/lnk/PS_98984"""
Q87651842,Q12271,"""http://www.odis.be/lnk/PS_128691"""
Q43302240,Q12271,"""http://www.odis.be/lnk/PS_98991"""
Q87649801,Q12271,"""http://www.odis.be/lnk/PS_98994"""
Q84267491,Q12271,"""http://www.odis.be/lnk/PS_98999"""
Q87649802,Q12271,"""http://www.odis.be/lnk/PS_99006"""
Q28059114,Q12271,"""http://www.odis.be/lnk/PS_99007"""
Q16525289,Q12271,"""http://www.odis.be/lnk/PS_99008"""
Q87651845,Q12271,"""http://www.odis.be/lnk/PS_99012"""
Q87649803,Q12271,"""http://www.odis.be/lnk/PS_99018"""
Q2450920,Q12271,"""http://www.odis.be/lnk/PS_99022"""
Q3557594,Q12271,"""http://www.odis.be/lnk/PS_99031"""
Q87649804,Q12271,"""http://www.odis.be/lnk/PS_99038"""
Q87649805,Q12271,"""http://www.odis.be/lnk/PS_99041"""
Q87649806,Q12271,"""http://www.odis.be/lnk/PS_99052"""
Q87649807,Q12271,"""http://www.odis.be/lnk/PS_99058"""
Q87649808,Q12271,"""http://www.odis.be/lnk/PS_99062"""
Q49633191,Q12271,"""http://www.odis.be/lnk/PS_99071"""
Q87649810,Q12271,"""http://www.odis.be/lnk/PS_128637"""
Q87649813,Q12271,"""http://www.odis.be/lnk/PS_128698"""
Q87649816,Q12271,"""http://www.odis.be/lnk/PS_99104"""
Q87649819,Q12271,"""http://www.odis.be/lnk/PS_99110"""
Q3057196,Q12271,"""http://www.odis.be/lnk/PS_99121"""
Q74289875,Q12271,"""http://www.odis.be/lnk/PS_99128"""
Q87649823,Q12271,"""http://www.odis.be/lnk/PS_99129"""
Q49633175,Q12271,"""http://www.odis.be/lnk/PS_99137"""
Q87649826,Q12271,"""http://www.odis.be/lnk/PS_128696"""
Q3263600,Q12271,"""http://www.odis.be/lnk/PS_99150"""
Q78784052,Q12271,"""http://www.odis.be/lnk/PS_99824"""
Q87649832,Q12271,"""http://www.odis.be/lnk/PS_99160"""
Q87649836,Q12271,"""http://www.odis.be/lnk/PS_99165"""
Q2861980,Q12271,"""http://www.odis.be/lnk/PS_99166"""
Q87649843,Q12271,"""http://www.odis.be/lnk/PS_99171"""
Q87649847,Q12271,"""http://www.odis.be/lnk/PS_99183"""
Q49633191,Q12271,"""http://www.odis.be/lnk/PS_99192"""
Q49633769,Q12271,"""http://www.odis.be/lnk/PS_99203"""
Q87649850,Q12271,"""http://www.odis.be/lnk/PS_99207"""
Q87649854,Q12271,"""http://www.odis.be/lnk/PS_99210"""
Q87649856,Q12271,"""http://www.odis.be/lnk/PS_128631"""
Q87649859,Q12271,"""http://www.odis.be/lnk/PS_99217"""
Q87649862,Q12271,"""http://www.odis.be/lnk/PS_99221"""
Q87649866,Q12271,"""http://www.odis.be/lnk/PS_99230"""
Q52153647,Q12271,"""http://www.odis.be/lnk/PS_99231"""
Q87649869,Q12271,"""http://www.odis.be/lnk/PS_99242"""
Q87649873,Q12271,"""http://www.odis.be/lnk/PS_99271"""
Q87649876,Q12271,"""http://www.odis.be/lnk/PS_99273"""
Q87649881,Q12271,"""http://www.odis.be/lnk/PS_99275"""
Q3165939,Q12271,"""http://www.odis.be/lnk/PS_99293"""
Q87649883,Q12271,"""http://www.odis.be/lnk/PS_102502"""
Q87649885,Q12271,"""http://www.odis.be/lnk/PS_97852"""
Q55232385,Q12271,"""http://www.odis.be/lnk/PS_99889"""
Q87649889,Q12271,"""http://www.odis.be/lnk/PS_95145"""
Q87651850,Q12271,"""http://www.odis.be/lnk/PS_72255"""
Q87651853,Q12271,"""http://www.odis.be/lnk/PS_72256"""
Q2305185,Q12271,"""http://www.odis.be/lnk/PS_11320"""
Q87649892,Q12271,"""http://www.odis.be/lnk/PS_60335"""
Q87652744,Q12271,"""http://www.odis.be/lnk/PS_86867"""
Q51917603,Q12271,"""http://www.odis.be/lnk/PS_64941"""
Q87649895,Q12271,"""http://www.odis.be/lnk/PS_73138"""
Q16439023,Q12271,"""http://www.odis.be/lnk/PS_73137"""
Q87649899,Q12271,"""http://www.odis.be/lnk/PS_114698"""
Q26212062,Q12271,"""http://www.odis.be/lnk/PS_98141"""
Q87651858,Q12271,"""http://www.odis.be/lnk/PS_99566"""
Q87649903,Q12271,"""http://www.odis.be/lnk/PS_6386"""
Q470776,Q12271,"""http://www.odis.be/lnk/PS_7303"""
Q2099088,Q12271,"""http://www.odis.be/lnk/PS_53050"""
Q87651862,Q12271,"""http://www.odis.be/lnk/PS_64661"""
Q2200652,Q12271,"""http://www.odis.be/lnk/PS_64660"""
Q87649906,Q12271,"""http://www.odis.be/lnk/PS_60459"""
Q87649908,Q12271,"""http://www.odis.be/lnk/PS_85066"""
Q15943419,Q12271,"""http://www.odis.be/lnk/PS_60341"""
Q29415105,Q12271,"""http://www.odis.be/lnk/PS_3966"""
Q87649912,Q12271,"""http://www.odis.be/lnk/PS_78975"""
Q87649916,Q12271,"""http://www.odis.be/lnk/PS_8814"""
Q87649918,Q12271,"""http://www.odis.be/lnk/PS_6599"""
Q1897652,Q12271,"""http://www.odis.be/lnk/PS_52420"""
Q87649927,Q12271,"""http://www.odis.be/lnk/PS_87506"""
Q44156256,Q12271,"""http://www.odis.be/lnk/PS_60484"""
Q2079957,Q12271,"""http://www.odis.be/lnk/PS_103779"""
Q2581634,Q12271,"""http://www.odis.be/lnk/PS_4335"""
Q2375773,Q12271,"""http://www.odis.be/lnk/PS_99168"""
Q87649935,Q12271,"""http://www.odis.be/lnk/PS_109844"""
Q87649939,Q12271,"""http://www.odis.be/lnk/PS_5899"""
Q3185837,Q12271,"""http://www.odis.be/lnk/PS_5974"""
Q87648568,Q385378,"""http://www.odis.be/lnk/PS_101373"""
Q2107369,Q385378,"""http://www.odis.be/lnk/PS_113350"""
Q87648744,Q385378,"""http://www.odis.be/lnk/PS_105898"""
Q87648746,Q385378,"""http://www.odis.be/lnk/PS_123861"""
Q87648920,Q385378,"""http://www.odis.be/lnk/PS_113785"""
Q87648931,Q385378,"""http://www.odis.be/lnk/PS_113346"""
Q639235,Q385378,"""http://www.odis.be/lnk/PS_113349"""
Q1284271,Q385378,"""http://www.odis.be/lnk/PS_113438"""
Q697514,Q385378,"""http://www.odis.be/lnk/PS_113756"""
Q87648959,Q385378,"""http://www.odis.be/lnk/PS_106052"""
Q256230,Q385378,"""http://www.odis.be/lnk/PS_75451"""
Q87649047,Q385378,"""http://www.odis.be/lnk/PS_106086"""
Q87649098,Q385378,"""http://www.odis.be/lnk/PS_106096"""
Q87649102,Q385378,"""http://www.odis.be/lnk/PS_106097"""
Q87649109,Q385378,"""http://www.odis.be/lnk/PS_106088"""
Q87649150,Q385378,"""http://www.odis.be/lnk/PS_100370"""
Q87649209,Q385378,"""http://www.odis.be/lnk/PS_106104"""
Q87649256,Q385378,"""http://www.odis.be/lnk/PS_105965"""
Q87649273,Q385378,"""http://www.odis.be/lnk/PS_113347"""
Q87649289,Q385378,"""http://www.odis.be/lnk/PS_73672"""
Q87649290,Q385378,"""http://www.odis.be/lnk/PS_105334"""
Q87649295,Q385378,"""http://www.odis.be/lnk/PS_73670"""
Q87649297,Q385378,"""http://www.odis.be/lnk/PS_62272"""
Q87649377,Q385378,"""http://www.odis.be/lnk/PS_113994"""
Q87649427,Q385378,"""http://www.odis.be/lnk/PS_113351"""
Q87649553,Q385378,"""http://www.odis.be/lnk/PS_86008"""
Q87649556,Q385378,"""http://www.odis.be/lnk/PS_113984"""
Q49633486,Q385378,"""http://www.odis.be/lnk/PS_99174"""
Q1800802,Q385378,"""http://www.odis.be/lnk/PS_99869"""
Q1297794,Q385378,"""http://www.odis.be/lnk/PS_113342"""
Q87651850,Q385378,"""http://www.odis.be/lnk/PS_72255"""
Q87651853,Q385378,"""http://www.odis.be/lnk/PS_72256"""
Q87651865,Q385378,"""http://www.odis.be/lnk/PS_6535"""
